Num_Acc;an;mois;jour;hrmn;lum;agg;int;atm;col;com;adr;gps;lat;long;dep
200500019641;5;4;19;2000;5;2;1;1;3;185.0;00, SEMARD (RUE P.);;;;380
200500019645;5;4;21;1630;1;2;1;1;3;185.0;01, COCAT (AVENUE P.);;;;380
200500019648;5;4;27;2335;5;2;2;1;3;185.0;00, MATUSSIERE (RUE A.);;;;380
200500019654;5;4;25;1335;1;2;9;1;3;362.0;, SALINES (RUE DES) N° P;;;;390
200500019690;5;4;26;1755;1;2;1;1;1;183.0;16, GAMBETTA (RUE);;;;420
200500019692;5;4;6;1305;1;2;1;1;3;316.0;1, PEPIER (RUE MARGUERIT;;;;420
200500019754;5;4;1;1820;1;2;1;1;2;109.0;8, GIGANT ( RUE DE );;;;440
200500019812;5;4;4;1715;1;2;3;1;3;147.0;5, DORMOY (RUE MARX DORM;;;;450
200500019821;5;4;7;1715;1;2;1;1;3;147.0;18 bis, OFFENBACH (RUE J;;;;450
200500019850;5;4;30;2030;2;2;1;1;7;42.0;MERMOZ COLLINOT (AVENUE);;;;460
200500019875;5;4;10;2200;5;2;1;1;2;7.0;09, RONCERAY BOULEVARD;;;;490
200500019884;5;4;18;1021;1;2;1;1;2;246.0;0, GALLIENI AVENUE;;;;490
200500019885;5;4;21;746;1;2;3;1;3;7.0;00, MENDES FRANCE AVENUE;;;;490
200500019886;5;4;21;951;1;2;2;1;3;7.0;00, PAUL BERT;;;;490
200500019896;5;4;27;1550;1;2;1;1;7;7.0;00, DE LATTRE DE TASSIGN;;;;490
200500019910;5;4;10;1515;1;2;1;1;3;203.0;PREVERT (AVENUE JACQUES);;;;500
200500019912;5;4;12;1400;1;2;1;1;3;129.0;20/22, NAPOLEON (PLACE);;;;500
200500019949;5;4;27;750;1;2;1;1;6;534.0;116, RENAN (RUE ERNEST);;;;520
200500019974;5;4;6;1545;1;2;1;1;2;526.0;26, CARNOT (AVENUE);;;;540
200500019987;5;4;13;900;1;2;1;1;6;395.0;ARMEE PATTON (RUE DE L');;;;540
200500019992;5;4;16;810;1;2;2;1;6;395.0;ISABEY (RUE);;;;540
200500019997;5;4;22;1650;1;2;1;1;6;184.0;FOCH (AVENUE);;;;540
200500020003;5;4;28;1845;1;2;1;1;6;395.0;05, SERRE (RUE DE);;;;540
200500020004;5;4;29;1520;1;2;1;1;7;578.0;31, AIGUILLETTES  (BD 1;;;;540
200500020025;5;4;12;950;1;2;2;1;3;545.0;QUARANTE DEUXIEME DIVISI;;;;550
200500020029;5;4;1;1920;1;2;1;1;6;121.0;07, VILLENEUVE (RUE  DE;;;;560
200500020034;5;4;7;1221;1;2;2;1;3;162.0;00, DOLMEN (RUE DU);;;;560
200500020038;5;4;11;1256;1;2;3;1;3;98.0;27, JAURES (RUE  JEAN );;;;560
200500020041;5;4;9;952;1;2;1;8;7;121.0;03, LECLERC ( BD GENERAL;;;;560
200500020063;5;4;29;1616;1;2;2;1;3;121.0;00, DUNANT (RUE  HENRI );;;;560
200500020064;5;4;6;1210;1;2;3;1;2;260.0;0, FROMENTIN(RUE DU LIEU;;;;560
200500020071;5;4;16;1410;1;2;2;1;3;260.0;MONNET(AVENUE JEAN);;;;560
200500020073;5;4;26;1555;1;2;9;1;6;260.0;RACKER(GIRATOIRE DU);;;;560
200500020117;5;4;1;1515;1;2;1;1;3;221.0;ROMAINS (RUE DES);;;;570
200500020125;5;4;6;1600;1;2;1;1;2;194.0;4, BARATTE (FAUBOURG);;;;580
200500020136;5;4;28;1455;1;2;1;1;6;317.0;EPINETTE (CHEMIN DE L' );;;;590
200500020147;5;4;9;1437;1;2;1;1;3;327.0;162, GAULLE (AVENUE DU G;;;;590
200500020151;5;4;12;1905;1;2;1;1;2;588.0;000, REPUBLIQUE;;;;590
200500020163;5;4;30;1745;1;2;1;1;3;104.0;BONNIERS (RUE DES);;;;590
200500020179;5;4;8;1610;1;2;1;1;6;350.0;142, HUGO VICTOR  BVD N°;;;;590
200500020185;5;4;12;1710;1;2;1;1;2;356.0;184, GUESDE JULES N°27 A;;;;590
200500020188;5;4;18;730;2;2;6;2;6;350.0;CALMETTE BV.DU DOCTEUR;;;;590
200500020202;5;4;26;1620;1;2;1;1;6;350.0;265, GAMBETTA LEON RUE N;;;;590
200500020206;5;4;28;1145;1;2;1;1;3;196.0;FUSILLES , rue des;;;;590
200500020210;5;4;27;1225;1;2;4;1;3;9.0;PERRIN JEAN  AVENUE;;;;590
200500020214;5;4;1;1055;1;2;2;1;3;365.0;JULES GALLOIS (RUE);;;;590
200500020219;5;4;20;1715;1;2;2;1;3;392.0;FEIGNIES (ROUTE DE);;;;590
200500020228;5;4;11;1700;1;2;1;1;6;512.0;JAURES (AVENUE JEAN);;;;590
200500020240;5;4;15;1020;1;2;1;2;3;646.0;HOCHE (RUE);;;;590
200500020249;5;4;5;1600;1;2;1;1;1;508.0;1A, ALLENDE (RUE DU PRES;;;;590
200500020269;5;4;22;1115;1;2;3;1;6;491.0;DUSART (RUE LEOPOLD);;;;590
200500020286;5;4;11;1740;1;2;2;7;3;169.0;VAYSSIERES (PLACE);;;;610
200500020307;5;4;3;1330;1;2;2;1;3;193.0;CHATEAU D'EAU (RUE DU);;;;620
200500020337;5;4;29;1835;1;2;1;1;6;510.0;., ARTOIS (R D');;;;620
200500020369;5;4;15;320;1;2;2;2;6;113.0;1, AUBIGNE (RUE D');;;;630
200500020381;5;4;28;930;1;2;1;1;6;113.0;42 Bis, CHATEAUDUN (RUE;;;;630
200500020385;5;4;30;1450;1;2;1;1;3;113.0;POMPIDOU (BD GEORGES);;;;630
200500020410;5;4;6;1900;1;2;1;1;6;122.0;MOUSSE (ROND POINT DU);;;;640
200500020428;5;4;26;1840;1;2;1;1;2;348.0;MOULIN DU;;;;640
200500020429;5;4;28;905;1;2;2;1;1;445.0;8, PASTEUR;;;;640
200500020430;5;4;28;2000;1;2;1;1;6;445.0;13, CASTETNAU;;;;640
200500020431;5;4;28;2110;2;2;1;1;3;445.0;MARECHAL LECLERC DU;;;;640
200500020444;5;4;6;1715;1;2;2;1;3;440.0;., BILLIERES (AVENUE MAR;;;;650
200500020454;5;4;26;1015;1;2;1;1;3;47.0;67, NOVEMBRE (RUE DU XI);;;;650
200500020461;5;4;1;1527;1;2;1;1;1;462.0;50, STRASBOURG (ROUTE DE;;;;670
200500020472;5;4;7;1700;1;2;1;2;3;218.0;57, LYON (RTE DE);;;;670
200500020474;5;4;8;900;1;2;3;3;1;482.0;000, RENE DESCARTES (RUE;;;;670
200500020477;5;4;9;1010;1;2;1;3;1;482.0;134, ROMAINS (ROUTE DES);;;;670
200500020478;5;4;11;2235;5;2;5;1;3;482.0;00, MAIRE KUSS (RUE DU);;;;670
200500020486;5;4;16;1220;1;2;3;1;6;482.0;0, JEAN JAURES (AVENUE);;;;670
200500020487;5;4;18;1510;1;2;2;1;3;447.0;MUNDOLSHEIM (RUE DE);;;;670
200500020490;5;4;21;855;1;2;3;1;3;482.0;00, LOTHAIRE (RUE);;;;670
200500020493;5;4;22;1540;1;2;3;1;3;482.0;000, RACINE (AVENUE);;;;670
200500020507;5;4;29;1135;1;2;1;1;3;482.0;00, DROITS DE L HOMME (A;;;;670
200500020508;5;4;29;1315;1;2;3;1;6;482.0;RHIN (ROUTE DU);;;;670
200500020509;5;4;29;1630;1;2;3;1;2;482.0;00, FINKWILLER (RUE);;;;670
200500020510;5;4;29;1805;1;2;1;1;3;43.0;00, POMPIERS (RUE DES);;;;670
200500020523;5;4;7;1355;1;2;3;1;3;224.0;LEFEBVRE (RUE);;;;680
200500020528;5;4;12;1615;2;2;3;1;6;271.0;MODENHEIM (RUE DE);;;;680
200500020538;5;4;9;920;1;2;1;1;3;29.0;ANDRE BOULLOCHE;;;;690
200500020539;5;4;25;920;1;2;1;1;3;29.0;ANDRE BOULLOCHE;;;;690
200500020545;5;4;7;1210;1;2;1;8;6;259.0;7, OSCHATZ (D');;;;690
200500020555;5;4;8;630;4;2;1;3;2;266.0;24, PL J GRANDCLEMENT;;;;690
200500020568;5;4;28;1650;1;2;3;1;3;290.0;0, DAUPHINE (DU);;;;690
200500020576;5;4;14;1330;1;2;1;1;6;59.0;CREUSOT (RUE DU);;;;710
200500020605;5;4;16;1540;1;2;1;1;2;181.0;BARBIER (RUE);;;;720
200500020609;5;4;19;1640;1;2;1;2;3;181.0;SCHUMAN (ROND-POINT);;;;720
200500020624;5;4;29;1245;1;2;1;1;2;65.0;COMTE VERT (AVENUE DU);;;;730
200500020647;5;4;21;1045;1;2;1;1;2;218.0;RIVE (AVENUE DE LA)  RN5;;;;740
200500020669;5;4;1;1420;1;2;1;1;6;12.0;32 AV LEDRU ROLLIN;;;;750
200500020683;5;4;7;2310;5;2;2;1;3;12.0;AV DE FONTENAY AV DAME B;;;;750
200500020720;5;4;12;1630;1;2;1;1;3;12.0;AV DU POLYGONE;;;;750
200500020723;5;4;2;2000;1;2;2;1;3;15.0;R SAINT CHARLES R ROUELL;;;;750
200500020724;5;4;2;1840;1;2;1;1;3;17.0;16 R AMPERE;;;;750
200500020739;5;4;6;856;1;2;1;1;1;10.0;126 R FG POISSONNIERE;;;;750
200500020740;5;4;6;1755;1;2;1;1;3;10.0;160 BD DE MAGENTA;;;;750
200500020741;5;4;6;145;5;2;1;1;3;10.0;18 R FG SAINT MARTIN;;;;750
200500020744;5;4;2;1400;1;2;3;1;6;15.0;PL D ALLERAY  R PAUL BAR;;;;750
200500020778;5;4;8;1650;1;2;1;2;3;4.0;2 Q DU MARCHE NEUF;;;;750
200500020789;5;4;8;900;1;2;2;1;3;15.0;R CROIX NIVERT R DE LA C;;;;750
200500020800;5;4;11;755;1;2;3;1;3;20.0;R VIDAL LA BLACHE R LE V;;;;750
200500020843;5;4;12;2110;5;2;2;1;3;3.0;R ST GILLES R DES TOURNE;;;;750
200500020844;5;4;12;950;1;2;2;1;3;4.0;PL BASTILLE R ST ANTOINE;;;;750
200500020853;5;4;12;1645;1;2;1;1;3;16.0;L 14607 RTE DE SEVRES A;;;;750
200500020857;5;4;11;1510;1;2;1;1;3;16.0;28 BD FLANDRIN;;;;750
200500020870;5;4;12;1925;1;2;1;1;2;12.0;92 R DE CHARENTON;;;;750
200500020893;5;4;14;1810;1;2;3;2;3;13.0;BD KELLERMANN R GOUTHIER;;;;750
200500020896;5;4;14;930;1;2;1;2;6;14.0;72 AV DENF ROCHEREAU;;;;750
200500020924;5;4;16;1825;1;2;2;1;2;10.0;R DU FG DU TEMPLE Q DE J;;;;750
200500020931;5;4;19;1937;1;2;1;1;7;11.0;102 BD RICHARD LENOIR;;;;750
200500020948;5;4;15;1943;1;2;2;1;6;5.0;R MONGE R PESTALOZZI;;;;750
200500020951;5;4;15;1825;1;2;1;1;3;7.0;154 R DE L UNIVERSITE;;;;750
200500020966;5;4;18;1620;1;2;3;1;3;15.0;AV EMILE ZOLA R TOURNUS;;;;750
200500020982;5;4;20;810;1;2;3;1;2;10.0;R FG SAINT DENIS R D ENG;;;;750
200500021000;5;4;19;1454;1;2;1;2;6;7.0;L2423 Q BRANLY;;;;750
200500021014;5;4;20;1010;1;2;4;1;3;6.0;BD SAINT MICHEL R ECOLE;;;;750
200500021023;5;4;20;1420;1;2;1;1;6;13.0;30 PL D ITALIE;;;;750
200500021031;5;4;21;810;1;2;1;1;3;13.0;70 BD DE L HOPITAL;;;;750
200500021045;5;4;22;1215;1;2;1;1;7;16.0;2 RTE DES TRIBUNES;;;;750
200500021065;5;4;20;1515;1;2;1;2;6;5.0;18 R G SAINT HILAIRE;;;;750
200500021069;5;4;20;945;1;2;1;1;6;20.0;8 R DE BAGNOLET;;;;750
200500021080;5;4;22;1650;1;2;3;1;3;6.0;R BONAPARTE PL SAINT SUL;;;;750
200500021102;5;4;24;355;5;2;2;1;3;9.0;R DE SEZE  BD DE LA MADE;;;;750
200500021124;5;4;26;1115;1;2;5;1;6;8.0;PL DE NARVIK R TREILHARD;;;;750
200500021131;5;4;26;1810;1;2;1;3;3;12.0;42 BD DE BERCY;;;;750
200500021162;5;4;27;2005;1;2;1;1;3;17.0;94 BD PEREIRE;;;;750
200500021262;5;4;19;1720;1;2;1;1;1;351.0;32, CAMILLE PELLETAN;;;;760
200500021320;5;4;21;1830;1;2;1;1;2;186.0;d137 avon / samois/ bois;;;;770
200500021363;5;4;28;1800;1;2;1;1;6;337.0;12, EUROPE (AVENUE DE L';;;;770
200500021381;5;4;1;1700;1;2;1;1;7;382.0;16, BEAUSITE (AVENUE);;;;780
200500021412;5;4;7;1340;1;2;3;1;1;498.0;GARE RUE DE LA;;;;780
200500021428;5;4;11;735;1;2;1;1;3;481.0;RD 157;;;;780
200500021439;5;4;24;1000;1;2;6;2;3;586.0;RUINE (PONT DIT DE LA);;;;780
200500021458;5;4;18;900;1;2;3;2;3;646.0;0, MISSIONNAIRES (RUE DE;;;;780
200500021459;5;4;18;1900;2;2;2;7;3;646.0;SAINT CYR (ROUTE DE);;;;780
200500021482;5;4;9;1310;1;2;1;1;6;21.0;ABBEVILLE (RUE D');;;;800
200500021520;5;4;7;720;1;2;6;1;3;121.0;0, LIBERATION (PLACE DE;;;;820
200500021544;5;4;10;1330;1;2;1;2;3;126.0;, PYROTECHNIE (RD POINT;;;;830
200500021574;5;4;2;1435;1;2;1;1;6;7.0;RASPAIL (boulevard);;;;840
200500021594;5;4;30;1240;1;2;1;1;3;7.0;VENUS D'ARLES (Rue de la;;;;840
200500021595;5;4;1;1002;1;2;1;1;6;35.0;72, EUROPE (BOULEVARD DE;;;;840
200500021614;5;4;11;1605;1;2;3;1;3;191.0;31, DELILLE RUE;;;;850
200500021619;5;4;11;1530;1;2;1;1;2;194.0;0, COMPAGNONNAGE (RUE DU;;;;850
200500021626;5;4;17;520;5;2;1;1;7;194.0;., JOFFRE (RUE MARECHAL);;;;850
200500021714;5;4;30;1444;1;2;3;1;3;76.0;13, SAPINS (RUE DES);;;;900
200500021736;5;4;18;1710;1;2;2;1;3;174.0;0, FERAY ( rue );;;;910
200500021751;5;4;25;1850;1;2;1;1;6;657.0;PIERRE MARIN (RUE);;;;910
200500021753;5;4;27;735;1;2;3;1;3;201.0;PAUL LAFARGUE(AVENUE);;;;910
200500021795;5;4;21;1520;1;2;1;1;2;692.0;CD35;;;;910
200500021796;5;4;4;745;1;2;7;1;6;549.0;1, TOUSSAINT L'OUVERTURE;;;;910
200500021803;5;4;1;1135;1;2;1;1;6;14.0;52, GENERAL LECLERC (AV.;;;;920
200500021810;5;4;22;1755;1;2;4;1;1;2.0;FONTE DES GODETS (RUE DE;;;;920
200500021823;5;4;12;1405;1;2;1;1;6;4.0;17, GABRIEL PERI (AVE );;;;920
200500021831;5;4;2;1535;1;2;1;1;3;12.0;1, PONT DE SEVRES (METRO;;;;920
200500021904;5;4;6;1745;1;2;2;1;3;44.0;1, MARIUS AUFAN(RUE) 1A6;;;;920
200500021911;5;4;22;1700;1;2;3;1;2;48.0;PARIS (RUE DE) N° 1 A 15;;;;920
200500021915;5;4;6;1400;1;2;1;1;3;49.0;LIBERATION PLACE DE LA;;;;920
200500021938;5;4;12;1738;1;2;2;1;3;51.0;60, MAURICE BARRES (BOUL;;;;920
200500021957;5;4;30;1700;1;2;1;1;6;63.0;GUILLAUMOT (RUE CHARLES;;;;920
200500021979;5;4;14;1450;1;2;1;2;7;73.0;46, ROOSVELT (AVENUE FRA;;;;920
200500021998;5;4;19;1435;1;2;3;1;3;1.0;ARTHUR RIMBAUD (RUE);;;;930
200500022015;5;4;15;1705;1;2;1;1;3;57.0;57, ESTIENNE (AL. ROBERT;;;;930
200500022055;5;4;13;1245;1;2;9;1;1;15.0;SANS OBJET, STRATEGIQUE;;;;930
200500022062;5;4;1;1815;1;2;3;1;2;48.0;PARIS (RUE DE);;;;930
200500022156;5;4;11;1920;2;2;1;1;2;2.0;67, VICTOR HUGO (R);;;;940
200500022159;5;4;18;1830;1;2;9;1;3;2.0;62, BLANQUI (QU);;;;940
200500022165;5;4;29;1730;1;2;6;1;6;44.0;PLACE RAYMOND BAULON;;;;940
200500022201;5;4;18;715;2;2;1;1;3;11.0;0, LECLERC.(AVENUE DU MA;;;;940
200500022216;5;4;13;1620;1;2;3;1;3;34.0;CERISAIE (AV DE LA);;;;940
200500022219;5;4;22;1920;1;2;3;1;6;73.0;VERSAILLES (AV DE);;;;940
200500022222;5;4;6;1220;1;2;1;1;7;41.0;GEORGES GOSNAT (AV);;;;940
200500022238;5;4;20;1500;1;2;9;1;1;15.0;101, LOUIS FERBER (QU);;;;940
200500022263;5;4;2;1155;1;2;1;1;7;18.0;101, ALLEMANE (BOULEVARD;;;;950
200500022269;5;4;15;1245;1;2;1;1;7;18.0;38, ERMITAGE (RUE DE L';;;;950
200500022298;5;4;2;1630;1;2;3;1;1;203.0;ENGHIEN (RUE D');;;;950
200500022303;5;4;9;1710;1;2;1;1;3;219.0;HALTE (RUE DE LA);;;;950
200500022312;5;4;3;1030;1;2;6;1;3;424.0;0, REPUBLIQUE (RUE DE LA;;;;950
200500022332;5;4;23;1825;1;2;9;1;6;4.0;SANS, ALATA ROUTE;;;;201
200500022337;5;4;1;845;1;2;1;1;2;4.0;SANS, NAPOLEON COURS AVA;;;;201
200500022526;5;4;7;1213;1;2;1;2;3;123.0;6, CORDELIERS (DES);;;;690
200500022562;5;4;5;1045;1;2;1;1;6;383.0;109, MARECHAL DE SAXE;;;;690
200500022576;5;4;12;1350;1;2;1;1;2;386.0;28, FRANKLIN ROOSEVELT;;;;690
200500022685;5;4;6;1735;1;1;9;1;3;137.0;A50;;;;830
200500022735;5;4;21;715;1;1;1;1;5;260.0;;M;0.0;0.0;590
200500022760;5;4;25;1315;1;2;1;1;1;746.0;;M;5067100.0;160100.0;620
200500022765;5;4;3;1400;1;2;1;1;1;721.0;rue de LIGNE;M;5066600.0;232800.0;620
200500022787;5;4;20;1130;1;2;9;8;1;360.0;D 1925;M;5009700.0;155800.0;800
200500022804;5;4;11;2030;1;2;1;1;7;186.0;RUE ARISTIDE BIRAND;M;0.0;0.0;800
200500022851;5;4;10;1200;1;1;1;1;2;115.0;;M;0.0;0.0;600
200500022990;5;4;11;1645;1;2;1;1;2;49.0;ROUTE ARGUENON;M;4854000.0;-221000.0;220
200500023006;5;4;10;200;5;2;1;1;3;160.0;RUE DE WALTENHOFEN;M;0.0;0.0;290
200500023016;5;4;8;2130;3;1;1;1;2;42.0;;M;0.0;0.0;290
200500023020;5;4;20;1545;1;1;1;1;1;30.0;;M;4866300.0;-413300.0;290
200500023040;5;4;13;1445;1;2;1;1;1;554.0;Route de GARCELLES;M;0.0;0.0;140
200500023041;5;4;15;1730;1;2;1;1;3;310.0;Rue de l'Eglise;M;0.0;0.0;140
200500023053;5;4;3;1600;1;1;1;1;1;35.0;;M;4918800.0;-84800.0;140
200500023076;5;4;16;2000;1;1;1;7;2;571.0;;M;0.0;0.0;500
200500023082;5;4;1;1045;1;1;2;1;3;58.0;;M;4907200.0;-157500.0;500
200500023139;5;4;15;1730;1;2;2;1;3;160.0;avenue de la Riottière;M;4741200.0;-93100.0;490
200500023156;5;4;1;830;1;1;1;1;1;151.0;;M;0.0;0.0;530
200500023185;5;4;17;1145;1;2;9;1;3;242.0;rue des jarries;M;0.0;0.0;850
200500023209;5;4;30;1100;1;1;1;1;3;551.0;;M;4509400.0;-63800.0;330
200500023276;5;4;11;1715;1;2;1;1;6;31.0;RUE DE LA RESISTANCE;M;0.0;0.0;470
200500023289;5;4;20;1945;1;1;1;1;6;237.0;;M;4437000.0;63800.0;470
200500023335;5;4;18;1530;1;2;1;1;1;240.0;Avenue de la République;M;4528900.0;-40400.0;170
200500023339;5;4;29;900;1;2;2;1;1;385.0;;M;4592100.0;-132900.0;170
200500023343;5;4;3;1145;1;2;3;1;3;63.0;"Lieu dit ""DISSE""";M;0.0;0.0;170
200500023368;5;4;23;1945;1;2;1;1;1;296.0;ALLEE DE LA COLLINE;M;0.0;0.0;790
200500023375;5;4;2;1900;1;2;1;1;3;2.0;Pierre et Marie Curie;M;4596000.0;139000.0;870
200500023377;5;4;21;1630;1;1;1;1;1;49.0;;M;0.0;0.0;870
200500023395;5;4;14;1915;1;1;1;1;7;76.0;;M;4618600.0;250600.0;230
200500023414;5;4;17;1130;1;1;1;1;6;332.0;;M;4336000.0;154000.0;310
200500023416;5;4;28;1645;1;1;1;1;7;100.0;;M;4327400.0;163700.0;310
200500023430;5;4;3;1145;1;1;1;1;2;43.0;;M;4429000.0;251900.0;120
200500023463;5;4;17;1200;1;1;1;1;2;285.0;;M;4357500.0;32200.0;320
200500023519;5;4;3;1830;1;1;1;1;3;94.0;;M;4574400.0;469200.0;690
200500023541;5;4;22;1800;1;2;1;1;6;4.0;Avenue de Verdun;M;0.0;0.0;10
200500023566;5;4;27;1315;1;1;1;1;5;217.0;;M;0.0;0.0;70
200500023567;5;4;4;1945;1;2;1;1;7;129.0;;M;0.0;0.0;70
200500023570;5;4;5;1500;1;1;6;1;3;64.0;;M;4491800.0;502000.0;260
200500023579;5;4;26;1345;1;1;1;1;2;345.0;;M;4429100.0;482100.0;260
200500023607;5;4;21;1515;1;2;1;1;1;182.0;Rue pasteur;M;4540200.0;542500.0;380
200500023640;5;4;22;1700;1;2;1;1;3;20.0;LIEU DIT LE BOURG;M;0.0;0.0;420
200500023647;5;4;26;1515;1;1;1;1;2;316.0;;M;4549400.0;615000.0;730
200500023661;5;4;29;1515;1;2;1;1;6;45.0;CD 162  PK 3+286;M;0.0;0.0;740
200500023675;5;4;30;1415;1;1;1;1;7;309.0;;M;0.0;0.0;740
200500023679;5;4;14;1445;1;2;1;1;1;1.0;CHEF-LIEU;M;4629900.0;678600.0;740
200500023692;5;4;11;1900;1;1;1;1;3;26.0;;M;4569900.0;299700.0;630
200500023696;5;4;13;2115;5;2;1;1;1;178.0;rue jean jaures;M;4554400.0;324800.0;630
200500023700;5;4;29;1845;1;2;1;1;3;116.0;Rue Belle Allée;M;4598000.0;310000.0;630
200500023711;5;4;12;1500;1;2;1;1;1;196.0;RUE DE LA JONCHERE;M;0.0;0.0;630
200500023757;5;4;30;2030;1;2;1;1;1;483.0;39 AVENUE POINCARE;M;4892900.0;664200.0;570
200500023808;5;4;28;1815;1;2;1;1;7;383.0;ROUTE DES CUCHERONS;M;4798000.0;664000.0;880
200500023818;5;4;30;1215;1;2;3;1;3;46.0;RUE DE L EGLISE;M;4877300.0;786100.0;670
200500023828;5;4;6;1700;1;1;1;1;6;202.0;;M;0.0;0.0;670
200500023831;5;4;12;2100;3;1;1;1;3;97.0;;M;0.0;0.0;670
200500023845;5;4;7;1145;1;2;1;1;3;155.0;Route de Colmar;M;4809400.0;732000.0;680
200500023849;5;4;4;1700;1;1;1;1;5;41.0;;M;4788300.0;752900.0;680
200500023852;5;4;30;1230;1;2;1;1;3;82.0;RUE MONTAIGNE;M;4787000.0;735100.0;680
200500023868;5;4;20;500;3;1;1;1;1;380.0;;M;4886400.0;355700.0;510
200500023883;5;4;24;1600;1;1;1;1;1;103.0;;M;4950200.0;460000.0;80
200500023914;5;4;29;1645;1;2;1;7;1;555.0;RUE DU CENTRE;M;4740600.0;514900.0;210
200500023918;5;4;28;1845;1;2;1;1;7;610.0;RUE D AUXONNE;M;4743300.0;575000.0;210
200500023994;5;4;22;1330;1;2;1;1;3;47.0;RUE DU TENNIS;M;4735200.0;635800.0;250
200500024021;5;4;27;1400;1;1;1;1;1;282.0;;M;4741000.0;582000.0;700
200500024022;5;4;8;1500;1;2;1;1;1;23.0;RUE DE LA VAIVRE;M;4771900.0;684400.0;900
200500024044;5;4;21;915;1;1;1;1;5;30.0;;M;0.0;0.0;130
200500024049;5;4;22;730;1;1;1;1;1;1.0;;M;4405100.0;613900.0;40
200500024110;5;4;8;1045;1;2;1;1;1;49.0;avenue léon AMIC;M;4324000.0;607000.0;830
200500024129;5;4;12;1715;1;1;1;1;2;26.0;;M;0.0;0.0;840
200500024144;5;4;25;1400;1;2;1;1;1;327.0;RUE DU STADE;M;4366500.0;397600.0;340
200500024171;5;4;6;1600;1;2;1;1;1;209.0;Avenue des Mûriers;M;4328000.0;336000.0;340
200500024180;5;4;24;1445;1;1;1;2;1;215.0;;M;0.0;0.0;340
200500024181;5;4;17;630;2;1;1;1;2;332.0;;M;0.0;0.0;340
200500024183;5;4;29;1730;1;2;2;1;1;101.0;AVENUE ALEXANDRE LAVAL;M;4339000.0;346000.0;340
200500024205;5;4;18;1600;1;2;1;1;1;133.0;route des marines;M;4352000.0;414000.0;300
200500024218;5;4;20;1600;1;2;1;1;6;51.0;Route de la plaine;M;0.0;0.0;300
200500024244;5;4;17;730;1;2;1;1;1;93.0;route de st hippolyte;M;4395000.0;391300.0;300
200500024253;5;4;7;1415;1;2;1;1;3;2.0;avenue du littoral;M;4264400.0;298200.0;660
200500024272;5;4;28;915;1;1;1;1;1;30.0;;M;4288000.0;934000.0;202
200500024289;5;4;10;915;1;1;1;8;6;497.0;;M;4869700.0;177100.0;780
200500024300;5;4;24;1830;1;2;1;1;3;62.0;CD119;M;4885000.0;189000.0;780
200500024301;5;4;2;2000;2;2;1;1;1;265.0;20 RUE DES COQUETIERS;M;0.0;0.0;780
200500024335;5;4;11;1830;1;1;1;1;1;78.0;;M;;;770
200500024353;5;4;13;1445;1;1;1;1;1;175.0;;M;0.0;0.0;450
200500024405;5;4;4;1330;1;2;1;1;2;231.0;LA ROCHE RACAN;M;4759600.0;50100.0;370
200500024427;5;4;13;1545;1;2;1;1;3;199.0;allée chante cigale;M;0.0;0.0;330
200500024514;5;4;10;1145;1;1;1;1;1;445.0;;M;0.0;0.0;310
200500024520;5;4;3;1200;1;2;1;1;1;105.0;route de saint chéron;M;4857500.0;216600.0;910
200500024578;5;4;15;1615;1;2;1;1;1;157.0;avenue Léo Lagrange;M;4354000.0;135000.0;310
200500024604;5;4;14;1700;1;1;6;1;2;152.0;;M;4854100.0;768400.0;670
200500024639;5;4;5;1115;1;2;1;1;1;143.0;RD938 et rue d'ORS;M;4873000.0;210000.0;780
200500024656;5;4;26;1945;1;2;1;1;3;351.0;Chemin des deux province;M;0.0;0.0;310
200500024670;5;5;2;1715;1;2;1;1;3;581.0;Rue Longue Ruelle;M;5070300.0;277800.0;590
200500024699;5;5;19;1100;1;2;2;1;1;261.0;rue Jean Jaurés;M;5050500.0;162700.0;620
200500024714;5;5;25;1530;1;2;1;1;1;52.0;RUE DE LA PAILLE;M;4999700.0;252100.0;800
200500024758;5;5;28;1000;1;1;1;1;3;820.0;;M;0.0;0.0;20
200500024759;5;5;16;1730;1;2;9;1;1;661.0;;M;4951600.0;352500.0;20
200500024828;5;5;27;1445;1;1;1;7;1;475.0;;M;4940300.0;117300.0;760