Num_Acc;an;mois;jour;hrmn;lum;agg;int;atm;col;com;adr;gps;lat;long;dep
200500024850;5;5;7;1400;1;2;1;1;1;743.0;CD143 route de DUCLAIR;M;4954300.0;92800.0;760
200500024873;5;5;20;800;1;1;1;1;1;187.0;;M;0.0;0.0;270
200500024886;5;5;27;1900;1;1;1;1;1;297.0;;M;4816100.0;-221300.0;350
200500024895;5;5;19;1630;1;2;1;1;1;267.0;rue du stade;M;4840700.0;-132900.0;350
200500024955;5;5;16;930;1;1;1;1;1;192.0;;M;0.0;0.0;290
200500024975;5;5;7;1600;1;2;6;1;3;562.0;ROUTE DE LANGRUNE;M;0.0;0.0;140
200500024987;5;5;8;945;1;1;1;1;6;140.0;;M;4920800.0;-79300.0;140
200500025023;5;5;2;915;1;2;3;1;3;231.0;RUE DE LA MER;M;0.0;0.0;500
200500025048;5;5;27;2145;1;2;1;1;3;215.0;les brosses;M;0.0;0.0;440
200500025055;5;5;5;945;1;1;1;7;7;7.0;;M;0.0;0.0;440
200500025058;5;5;8;1130;1;2;9;1;3;149.0;rue du parc des sports;M;4745400.0;-164300.0;440
200500025063;5;5;24;1500;1;1;1;1;1;130.0;;M;4712800.0;-159900.0;440
200500025070;5;5;28;1545;1;2;6;1;3;131.0;RUE DU TRAITE DE ROME;M;0.0;0.0;440
200500025092;5;5;16;1515;1;1;1;1;1;318.0;;M;4738200.0;-44100.0;490
200500025097;5;5;24;1830;1;2;1;1;3;306.0;RUE DU PETIT ANJOU;M;4742800.0;-69800.0;490
200500025107;5;5;22;1730;1;1;1;1;2;27.0;;M;4714200.0;-91700.0;490
200500025111;5;5;22;1130;1;2;1;1;1;221.0;Rue des Moulins;M;4747200.0;1600.0;490
200500025118;5;5;25;1600;1;2;9;1;5;215.0;avenue DURET;M;4713400.0;-15600.0;490
200500025130;5;5;17;1015;1;1;1;1;7;18.0;;M;4791400.0;-106600.0;530
200500025174;5;5;27;1800;1;1;1;1;2;211.0;;M;0.0;0.0;850
200500025198;5;5;17;1800;1;2;1;1;1;355.0;CD10 - Place de la Gare;M;0.0;0.0;330
200500025199;5;5;19;1800;1;2;9;1;1;463.0;12 parc du Daurat;M;0.0;0.0;330
200500025202;5;5;1;1645;1;2;1;1;1;37.0;RUE DE L ARUAN;M;4471100.0;-45700.0;330
200500025216;5;5;3;930;1;2;2;1;3;514.0;ROUTE DE BORDEAUX;M;0.0;0.0;330
200500025219;5;5;24;2015;1;2;1;1;1;207.0;RUE DES GABAUDS;M;4492900.0;-38500.0;330
200500025242;5;5;7;1330;1;2;1;1;3;108.0;LES GRANGES;M;0.0;0.0;240
200500025253;5;5;18;1615;1;2;1;1;1;145.0;RUE D'EUGENIE;M;4377100.0;-42300.0;400
200500025267;5;5;27;1445;1;2;1;1;3;46.0;rue Victor Hugo;M;0.0;0.0;400
200500025279;5;5;21;1700;1;1;1;1;1;276.0;;M;4434900.0;47800.0;470
200500025286;5;5;28;1845;1;1;3;1;1;165.0;;M;4450100.0;6100.0;470
200500025349;5;5;25;915;1;1;1;1;7;140.0;;M;0.0;0.0;160
200500025370;5;5;9;1500;1;2;1;1;7;168.0;route de Soumard;M;4598300.0;-108200.0;170
200500025399;5;5;22;1130;1;2;1;1;3;332.0;CD140;M;4669000.0;-47600.0;790
200500025404;5;5;16;1930;1;1;2;1;1;161.0;;M;4585200.0;144800.0;870
200500025414;5;5;18;1345;1;2;1;1;3;148.0;Rue des Ganottes;M;0.0;0.0;190
200500025430;5;5;10;1815;1;2;2;1;1;433.0;CARRF CROUZET-ST CHRIST;M;4352500.0;140700.0;310
200500025436;5;5;3;1100;1;1;1;1;1;361.0;;M;0.0;0.0;310
200500025443;5;5;29;1730;1;1;1;1;3;302.0;;M;4317200.0;68100.0;310
200500025446;5;5;18;830;1;2;1;1;3;80.0;BOULEVARD CHARLES SURAN;M;4329100.0;64900.0;310
200500025464;5;5;1;1730;1;2;9;1;3;257.0;"lieu dit ""LA BARTHE""";M;4313100.0;117400.0;90
200500025485;5;5;11;1400;1;2;1;1;7;459.0;DEVIATION NORD;M;0.0;0.0;320
200500025502;5;5;23;1845;1;2;1;1;1;27.0;5 place de la garlande;M;4370700.0;-23600.0;320
200500025506;5;5;2;1615;1;1;1;1;5;61.0;;M;0.0;0.0;460
200500025517;5;5;3;1030;1;1;1;1;6;123.0;;M;0.0;0.0;650
200500025551;5;5;15;915;1;2;1;1;7;100.0;56 RUE DU 08 MAI 1945;M;0.0;0.0;690
200500025557;5;5;18;1615;1;1;3;1;3;236.0;;M;0.0;0.0;690
200500025568;5;5;24;1500;1;2;1;1;2;121.0;;M;0.0;0.0;690
200500025576;5;5;16;800;1;2;1;8;1;19.0;avenue de Verdun;M;0.0;0.0;690
200500025591;5;5;18;1900;1;2;1;1;3;163.0;;M;4638100.0;518000.0;10
200500025597;5;5;27;1815;1;2;3;1;3;231.0;RUE DE LA FRERIE;M;0.0;0.0;10
200500025598;5;5;15;1200;1;1;1;1;5;98.0;;M;0.0;0.0;10
200500025654;5;5;31;745;1;1;6;1;2;323.0;;M;0.0;0.0;260
200500025674;5;5;15;1500;1;1;1;1;1;212.0;;M;4508800.0;589900.0;380
200500025701;5;5;29;845;1;1;2;1;3;49.0;;M;4541900.0;515000.0;380
200500025712;5;5;9;1100;1;2;1;1;1;323.0;;M;0.0;0.0;420
200500025713;5;5;5;1045;1;2;1;1;3;323.0;ZI  Les Prairies;M;0.0;0.0;420
200500025718;5;5;24;1600;1;2;1;1;1;132.0;le bourg;M;4538900.0;472600.0;420
200500025726;5;5;17;1415;1;1;1;1;3;231.0;;M;4609900.0;394100.0;420
200500025755;5;5;26;745;1;2;7;1;1;223.0;RUE DES SARAZINS;M;0.0;0.0;730
200500025793;5;5;5;1000;1;1;1;2;1;295.0;;M;0.0;0.0;740
200500025795;5;5;8;1845;1;2;1;1;3;42.0;RUE DES JONQUILLES;M;4583300.0;308200.0;630
200500025815;5;5;26;1415;1;1;1;1;1;470.0;;M;4587400.0;299600.0;630
200500025881;5;5;4;1700;1;2;1;1;3;14.0;72 rue Principale;M;4903400.0;682200.0;570
200500025912;5;5;16;1415;1;2;1;1;3;76.0;rue du moulin;M;0.0;0.0;540
200500025914;5;5;1;2145;3;2;1;1;1;562.0;Rue de la Cote;M;0.0;0.0;540
200500025922;5;5;15;1345;1;1;1;1;1;571.0;;M;4933800.0;524600.0;550
200500025931;5;5;1;930;1;1;1;7;6;497.0;;M;4830800.0;641000.0;880
200500025951;5;5;27;730;1;2;1;1;1;137.0;rue BOSSUET;M;4849400.0;767800.0;670
200500025984;5;5;26;1430;1;1;1;1;1;416.0;;M;4904000.0;790000.0;670
200500025990;5;5;27;1115;1;2;1;1;7;511.0;Rue de L'église;M;4889000.0;778000.0;670
200500025992;5;5;5;1400;1;1;9;2;7;311.0;;M;0.0;0.0;680
200500026005;5;5;31;1415;1;2;1;1;6;287.0;rue du Fossé;M;4796300.0;730100.0;680
200500026015;5;5;6;1345;1;1;1;1;1;40.0;;M;4782200.0;706000.0;680
200500026036;5;5;22;2030;1;1;1;1;3;343.0;;M;4856700.0;370500.0;510
200500026043;5;5;28;1630;1;1;1;1;2;423.0;;M;4878000.0;487900.0;510
200500026068;5;5;19;1800;1;2;1;1;3;323.0;rue du stade;M;4849100.0;367400.0;100
200500026121;5;5;17;800;1;2;1;1;2;543.0;avenue pasteur;M;4656900.0;490800.0;710
200500026127;5;5;26;1430;1;1;1;1;7;277.0;;M;0.0;0.0;710
200500026167;5;5;22;1630;1;1;1;1;4;348.0;;M;0.0;0.0;890
200500026173;5;5;15;1915;1;2;1;1;1;350.0;49 RUE DE SAINTE MARIE;M;0.0;0.0;250
200500026189;5;5;27;1830;1;2;1;1;2;405.0;RUE DU CENTRE;M;4684000.0;634600.0;250
200500026195;5;5;13;1830;1;2;1;1;1;370.0;Rue de Strasbourg;M;4697600.0;579700.0;390
200500026201;5;5;30;1815;1;2;1;1;3;302.0;CD 237, rue des vergers;M;4720000.0;571900.0;390
200500026230;5;5;14;830;1;2;6;3;1;19.0;Carrefour De Lattre;M;0.0;0.0;130
200500026234;5;5;5;1415;1;2;3;1;3;110.0;CHEMIN DE LA PORTE ROUGE;M;4344900.0;568900.0;130
200500026247;5;5;4;1730;1;1;1;1;7;22.0;;M;0.0;0.0;130
200500026272;5;5;27;1000;1;1;1;1;1;151.0;;M;4486800.0;659700.0;50
200500026277;5;5;29;915;1;2;1;1;1;40.0;RN94 AVENUE D'EMBRUN;M;4454900.0;628000.0;50
200500026292;5;5;15;1130;1;1;1;1;1;122.0;;M;0.0;0.0;60
200500026293;5;5;21;1215;1;1;1;1;1;157.0;;M;0.0;0.0;60
200500026301;5;5;15;1430;1;1;1;1;6;106.0;;M;4388100.0;699500.0;60
200500026307;5;5;18;1645;1;2;2;7;3;72.0;Av Mistral;M;0.0;0.0;830
200500026315;5;5;23;545;1;1;1;1;3;100.0;;M;4328500.0;612800.0;830
200500026344;5;5;30;930;1;2;1;1;1;35.0;chemin royal;M;4321400.0;577200.0;830
200500026347;5;5;20;930;1;1;1;1;1;19.0;;M;0.0;0.0;830
200500026356;5;5;27;1730;1;2;1;1;1;71.0;hameau de coustellet;M;0.0;0.0;840
200500026375;5;5;21;2315;3;1;1;1;2;244.0;;M;4368000.0;402400.0;340
200500026379;5;5;27;1145;1;1;1;1;6;151.0;;M;0.0;0.0;340
200500026408;5;5;16;1700;1;1;1;1;3;16.0;;M;0.0;0.0;340
200500026413;5;5;30;1230;1;1;1;1;5;39.0;;M;4345000.0;364000.0;340
200500026447;5;5;21;830;1;1;1;1;1;227.0;;M;0.0;0.0;300
200500026479;5;5;31;1030;1;1;1;1;3;173.0;;M;4424800.0;390800.0;480
200500026494;5;5;10;1515;1;1;1;1;2;212.0;;M;4225000.0;874000.0;201
200500026498;5;5;13;1700;1;2;1;1;3;247.0;rue Vicentellu D'Istria;M;0.0;0.0;201
200500026527;5;5;18;645;1;1;1;7;2;565.0;;M;0.0;0.0;780
200500026545;5;5;25;1530;1;2;1;1;1;386.0;RUE DU BOIS CHENET;M;0.0;0.0;910
200500026624;5;5;12;1600;1;2;1;1;1;155.0;quai lestrade;M;0.0;0.0;450
200500026629;5;5;25;1415;1;2;1;1;3;315.0;Faubourg St Germain;M;4777000.0;237000.0;450
200500026647;5;5;9;1100;1;1;1;1;1;276.0;;M;0.0;0.0;180
200500026648;5;5;24;1330;1;2;1;1;1;172.0;CHEMINDE LA CROIX DU SAU;M;4673200.0;247900.0;180
200500026682;5;5;27;815;1;2;3;1;3;5.0;RUE PASTEUR - RUE GARE;M;0.0;0.0;360
200500026744;5;5;12;1130;1;2;1;1;3;605.0;route de Chevigny;M;4729700.0;510200.0;210
200500026746;5;5;20;1745;1;2;6;1;3;515.0;RUE DE TAVAUX;M;4731000.0;511800.0;210
200500026754;5;5;12;1530;1;1;1;1;3;586.0;;M;0.0;0.0;570
200500026757;5;5;4;1915;1;1;1;1;1;270.0;;M;0.0;0.0;340
200500026760;5;5;24;1000;1;1;3;1;3;259.0;;M;0.0;0.0;340
200500026793;5;5;5;1545;1;1;1;1;1;155.0;;M;0.0;0.0;600
200500026840;5;5;5;930;1;2;2;1;1;65.0;Avenue Alphonse Daudet;M;0.0;0.0;130
200500026846;5;5;18;1000;1;1;1;1;3;494.0;;M;0.0;0.0;910
200500026860;5;5;24;1400;1;1;1;1;3;285.0;;M;4503400.0;597500.0;380
200500026881;5;5;27;1645;1;2;1;1;1;37.0;rue Henri Barbusse;M;0.0;0.0;590
200500026909;5;5;11;1730;1;2;1;1;1;229.0;Avenue du Vercors.;M;4521300.0;577600.0;380
200500026950;5;5;28;1500;1;1;1;1;3;240.0;;M;4754300.0;-273800.0;560
200500026972;5;5;12;1215;1;2;1;8;1;113.0;Av Maurice Plantier;M;4360000.0;548000.0;130
200500027015;5;5;25;1700;1;1;1;1;1;60.0;;M;0.0;0.0;300
200500027020;5;5;11;1415;1;1;1;1;3;83.0;;M;4391600.0;480800.0;130
200500027027;5;5;30;1800;1;1;1;1;3;581.0;;M;0.0;0.0;760
200500027065;5;4;26;1555;1;2;1;1;3;264.0;BASTIAN  HENRI   R;;;;690
200500027090;5;5;4;1400;1;2;3;1;3;53.0;SPORTS ((AVENUE DES - N°;;;;10
200500027095;5;5;15;1040;1;2;1;1;2;53.0;DE GAULLE ( BD GAL) IMPA;;;;10
200500027156;5;5;5;1115;1;2;1;1;5;4.0;LITTORAL(BDM APRES BIJOU;;;;60
200500027233;5;5;23;1340;1;2;1;1;3;29.0;NEGRIN (BOULEVARD);;;;60
200500027248;5;5;30;1747;1;2;1;1;7;29.0;BORDE (AVENUE DE LA);;;;60
200500027261;5;5;26;950;1;1;1;1;3;69.0;97, ZILLER (AVENUE PIERR;;;;60
200500027315;5;5;12;810;1;2;1;1;7;88.0;0, CARABACEL (BD);;;;60
200500027336;5;5;15;825;1;2;1;1;6;88.0;28, ROQUEBILLIERE (R. DE;;;;60
200500027346;5;5;18;2145;5;2;2;1;3;88.0;0, JOFFRE (R. MARECHAL);;;;60
200500027354;5;5;19;2220;5;2;1;1;3;88.0;0, ANGLAIS (A PARTIR DU;;;;60
200500027369;5;5;23;1905;1;2;1;1;3;88.0;46, CALIFORNIE (AV.) (A;;;;60
200500027418;5;5;4;1405;1;2;4;1;3;281.0;ROUTE NATIONALE 86;;;;70
200500027456;5;5;10;1800;1;2;1;1;3;1.0;8, FOLLEREAU RAOUL (RUE);;;;130
200500027471;5;5;26;740;1;2;1;1;2;1.0;148, GALICE (RTE);;;;130
200500027517;5;5;5;1945;1;2;3;1;3;55.0;CAPELETTE (AV DE LA );;;;130
200500027578;5;5;15;850;1;2;1;1;1;55.0;LEON LACHAMP (ROUTE);;;;130
200500027581;5;5;9;1750;1;2;1;1;3;55.0;5, LODI (RUE DE);;;;130
200500027615;5;5;21;925;1;2;1;1;3;55.0;CHEVILLON (AV FREDERIC);;;;130
200500027659;5;5;28;1200;1;2;1;1;2;55.0;556, PRADO (AVENUE);;;;130
200500027665;5;5;21;1845;1;2;6;1;7;55.0;HENRI FRENAY (ROND POINT;;;;130
200500027679;5;5;21;1230;1;2;1;1;6;2.0;PROVENCE (AV DE);;;;130
200500027753;5;5;25;1320;1;2;3;1;3;55.0;VILLECROZE LOUIS (BD);;;;130
200500027800;5;5;24;1520;1;2;3;1;3;55.0;171, MICHELET (BD);;;;130
200500027818;5;5;14;1610;1;2;1;1;3;103.0;RTE DE PELISSANNE-RD 572;;;;130
200500027840;5;5;17;1215;1;2;6;1;3;111.0;0, R.D. 405;;;;140
200500027855;5;5;25;1655;1;2;1;1;1;366.0;15, TOUQUES (RUE DE LA);;;;140
200500027874;5;5;11;2225;5;2;2;1;3;299.0;1729920, LA FAYETTE RUE;;;;170
200500027879;5;5;4;845;1;2;1;1;6;200.0;ROSE   AVENUE DU FIEF;;;;170
200500027883;5;5;9;1715;1;2;1;1;3;300.0;14, KENNEDY   AVENUE DU;;;;170
200500027887;5;5;13;1030;1;2;3;1;1;300.0;DAUPHINE   AVENUE DE LA;;;;170
200500027890;5;5;17;735;1;2;1;1;6;200.0;58, GRASSET   AVENUE EDM;;;;170
200500027895;5;5;20;2250;5;2;2;1;3;200.0;2, SCHWEITZER   RUE DU D;;;;170
200500027900;5;5;28;1450;1;2;2;1;3;200.0;02, FABRIQUE   RUE DE LA;;;;170
200500027903;5;5;31;830;1;2;2;1;3;200.0;2, MINAGE   RUE DU;;;;170
200500027921;5;5;27;1322;1;2;1;1;3;33.0;CHAPPE (CHAUSSEE DE);;;;180
200500027928;5;5;3;1130;1;2;2;1;3;31.0;FERRY (BOULEVARD JULES);;;;190
200500027954;5;5;9;1700;1;2;1;1;2;231.0;STRASBOURG (DE) (BOULEVA;;;;210
200500027961;5;5;16;1625;1;2;7;1;2;231.0;2, BARBE (PLACE);;;;210
200500027973;5;5;27;1610;1;2;4;1;7;166.0;MARECHAL DE LATTRE DE TA;;;;210
200500028009;5;5;2;1937;1;2;2;1;3;56.0;PLANCON RUE GABRIEL;;;;250
200500028023;5;5;17;1710;1;2;4;1;1;56.0;SANS, FOCH AVENUE MARECH;;;;250
200500028044;5;5;2;1015;1;2;6;1;6;281.0;VOLTAIRE (BOULVEVARD);;;;260
200500028045;5;5;3;1345;1;2;6;8;6;281.0;GALLOIS (PASSAGE SUPERIE;;;;260
200500028059;5;5;27;1835;1;2;1;1;3;362.0;12, SERBIE  RUE DE;;;;260
200500028074;5;5;8;1820;1;2;1;1;6;681.0;JAURES (BOULEVARD JAURES;;;;270
200500028083;5;5;16;1805;1;2;1;1;3;70.0;D823;;;;280
200500028095;5;5;10;1655;1;2;1;1;3;134.0;FONTAINES (RUE DES);;;;280
200500028108;5;5;3;1800;1;2;1;1;6;19.0;26, TARENTE;;;;290
200500028136;5;5;4;1905;1;2;1;1;6;232.0;136, LIBERATION AVENUE D;;;;290
200500028142;5;5;31;1926;1;2;1;1;3;7.0;LAFAYETTE (RUE);;;;300
200500028197;5;5;9;810;1;2;4;1;3;69.0;1, GUIMBAUD (RUE DU DOCT;;;;310
200500028247;5;5;18;1350;1;2;1;1;6;555.0;7, PONT NEUF (PL DU) DU;;;;310
200500028265;5;5;25;1900;1;2;6;1;3;555.0;13, BRUNHES (BD JEAN) DU;;;;310
200500028273;5;5;27;1320;1;2;3;1;3;555.0;38, MONTESQUIEU (RUE) DU;;;;310
200500028281;5;5;30;1250;1;2;1;2;3;555.0;81, PERIOLE (RUE DE) DU;;;;310
200500028284;5;5;30;1505;1;2;2;1;1;555.0;1, SAINT PIERRE (PL) DU;;;;310
200500028296;5;5;18;2045;2;2;3;1;1;13.0;, PELLETIER D'OISY;;;;320
200500028297;5;5;19;1855;1;2;3;1;3;13.0;, BATAILLON DE L'ARMAGNA;;;;320
200500028298;5;5;19;2125;5;2;3;1;2;13.0;ETIGNY (RUE D');;;;320
200500028303;5;5;6;1800;1;2;6;1;3;9.0;1, DEGANNE (BD) DU 01 AU;;;;330
200500028308;5;5;2;2220;5;2;2;2;3;63.0;PORTAL (CRS );;;;330
200500028311;5;5;5;1922;1;1;1;1;6;75.0;DELATTRE (RUE HENRI);;;;330
200500028320;5;5;9;900;1;2;3;1;6;63.0;GALLIENI (CRS DU MARECHA;;;;330
200500028328;5;5;11;850;1;2;1;1;3;167.0;SOUYS (QUAI DE LA);;;;330
200500028332;5;5;12;1320;1;2;2;2;3;63.0;SOURDIS (RUE FRANCOIS DE;;;;330
200500028341;5;5;12;1300;1;2;1;2;1;318.0;1, BERLAND (AVE PEY);;;;330
200500028348;5;5;14;1935;1;2;3;1;3;318.0;FUCHSIAS (RUE DES);;;;330
200500028351;5;5;16;930;1;2;2;1;1;318.0;JAURES (AVE JEAN);;;;330
200500028369;5;5;19;1730;1;2;1;1;2;63.0;250, ARGONNE (CRS DE L);;;;330
200500028371;5;5;20;810;1;2;3;1;3;63.0;THOMAS (RUE ALBERT);;;;330
200500028376;5;5;16;1358;1;2;1;1;3;249.0;291, LIBERATION-CH. DE G;;;;330
200500028377;5;5;16;1650;1;2;2;2;3;39.0;ARC (AVE JEANNE D);;;;330
200500028379;5;5;23;1345;1;2;1;1;2;63.0;124, HUGO (CRS VICTOR);;;;330
200500028384;5;5;24;2010;1;2;2;1;3;63.0;MARTINIQUE (CRS DE LA);;;;330
200500028395;5;5;25;1010;1;2;2;1;3;63.0;REPUBLIQUE CAUD (AVE DE;;;;330
200500028434;5;5;4;1738;1;1;2;1;3;172.0;sans, BALMES (RUE DU PRO;;;;340
200500028461;5;5;24;1730;1;1;1;1;6;172.0;sans n°, ETATS DU LANGUE;;;;340
200500028494;5;5;7;1625;1;2;1;1;6;350.0;00, PLANCHE (LIEU-DIT LA;;;;350
200500028518;5;5;23;1935;1;2;3;1;3;238.0;00, CARTIER (BD JACQUES);;;;350
200500028520;5;5;24;1820;1;2;3;1;3;238.0;00, SAINT-HELIER;;;;350
200500028524;5;5;29;210;5;2;1;1;6;238.0;VILLEBOIS MAREUIL (BD) D;;;;350
200500028544;5;5;26;1720;1;2;1;1;3;44.0;0, CHARLES DE GAULLE;;;;360
200500028548;5;5;24;1610;1;2;6;1;3;122.0;0, GITONNIERE (RUE DE LA;;;;370
200500028562;5;5;30;1850;1;2;1;1;6;261.0;49, BERANGER (BOULEVARD);;;;370
200500028565;5;5;28;1600;1;2;1;1;6;261.0;MOULIN (RUE JEAN);;;;370
200500028569;5;5;2;845;1;2;3;1;3;421.0;800, CENTRALE (AVENUE)SU;;;;380
200500028580;5;5;9;430;5;2;2;1;3;179.0;., MARRONNIERS (CHEMIN D;;;;380
200500028581;5;5;9;1125;1;2;1;1;3;185.0;00, LITTRE (RUE);;;;380
200500028583;5;5;11;1458;1;2;1;1;2;423.0;00, LECLERC (AVENUE GL.);;;;380
200500028585;5;5;14;1420;1;2;1;1;3;185.0;00, BRENIER (RUE C.);;;;380
200500028594;5;5;25;845;1;2;1;1;6;185.0;27, TURENNE (RUE DE);;;;380
200500028614;5;5;27;1715;1;2;9;1;3;192.0;50, PIERRE BENOIT;;;;400
200500028625;5;5;26;826;1;2;3;1;3;18.0;CHATEAUDUN (AVENUE DE);;;;410
200500028630;5;5;15;945;1;2;1;1;6;194.0;23, PRESIDENT WILSON (RU;;;;410
200500028638;5;5;13;1410;1;1;1;1;6;270.0;GORGES (ROUTE DES) LE PE;;;;420
200500028721;5;5;12;1200;1;2;6;2;7;109.0;BONDE ( PLACE DE LA );;;;440
200500028729;5;5;18;900;1;2;7;1;2;109.0;DOUMER ( PLACE PAUL );;;;440
200500028744;5;5;24;1715;1;2;2;1;6;109.0;CASTERNEAU   ( RUE DU );;;;440
200500028747;5;5;26;740;1;2;1;9;6;109.0;000, BRANDT ( PONT WILLY;;;;440
200500028753;5;5;28;1925;1;2;1;1;3;215.0;0, ALLENDE (BD SALVADOR);;;;440
200500028755;5;5;27;1620;1;2;1;1;3;143.0;3, BRIAND (RUE ARISTIDE);;;;440
200500028780;5;5;3;1045;1;2;1;1;6;234.0;70, CARMES (RUE DES;;;;450
200500028783;5;5;4;1355;1;2;1;1;6;234.0;10, GENERAL DE GAULLE (P;;;;450
200500028789;5;5;11;2010;1;2;2;1;3;234.0;314, BOURGOGNE (RUE DE);;;;450
200500028791;5;5;12;1615;1;2;6;1;3;302.0;ROUTE NATIONALE 20;;;;450
200500028802;5;5;26;1130;1;2;1;1;6;302.0;275, CHARTRES (ANCIENNE;;;;450
200500028812;5;5;2;1323;1;2;1;1;2;1.0;LIBERTE (BOULEVARD DE LA;;;;470
200500028822;5;5;30;1705;1;2;3;1;3;157.0;BAYLAC CHRISTIAN (AVENUE;;;;470
200500028826;5;5;9;1330;1;2;1;1;3;15.0;13, LUTHER KING AVENUE M;;;;490
200500028839;5;5;10;1125;1;2;1;1;7;7.0;126, STRASBOURG BOULEVAR;;;;490
200500028840;5;5;10;1137;1;2;1;1;7;7.0;00, FOUASSIERES CHEMIN;;;;490
200500028847;5;5;12;1729;1;2;1;1;3;353.0;00, MOLIERE AVENUE;;;;490
200500028859;5;5;20;1808;1;2;1;1;3;7.0;96 bis, PASTEUR;;;;490
200500028868;5;5;25;1600;1;2;1;1;7;7.0;143, VOLNEY;;;;490
200500028898;5;5;3;740;1;2;1;1;6;129.0;LEMONNIER (AVENUE AMIRAL;;;;500
200500028911;5;5;21;1850;1;2;1;1;3;129.0;0, MENUT (RUE HENRI);;;;500
200500028927;5;5;19;730;1;2;2;1;3;431.0;CAZOTTE;;;;510
200500028957;5;5;30;1805;1;2;1;1;6;121.0;1, COTE CRILLEE (RUE DE;;;;520
200500028983;5;5;1;905;1;2;2;1;6;274.0;MALGRANGE (AVENUE DE LA);;;;540
200500028997;5;5;10;900;1;2;1;1;6;395.0;SERRE (RUE DE);;;;540
200500029014;5;5;20;1930;1;2;3;2;6;395.0;1, DERUET (RUE CLAUDE);;;;540
200500029030;5;5;31;1845;1;2;1;1;1;498.0;ENSANGES (CHEMIN DES);;;;540
200500029033;5;5;13;1805;1;2;2;1;6;167.0;ARISTIDE BRIAND;;;;540
200500029044;5;5;2;1938;1;2;2;1;3;121.0;00, FICHOUX (R  SOUS-LT;;;;560
200500029047;5;5;7;1621;1;2;1;1;3;121.0;00, MULLER ( DU COLONEL;;;;560
200500029055;5;5;16;1525;1;1;2;1;3;162.0;DEPARTEMENTALE 152 ( ROU;;;;560
200500029128;5;5;10;835;1;2;9;1;6;666.0;173, VERDUN (ROUTE DE);;;;570
200500029129;5;5;18;1440;1;2;1;1;3;672.0;PERCEE SUD CD 1;;;;570
200500029136;5;5;21;1427;1;2;1;1;1;306.0;46, BASLIE (RUE MARYSE);;;;570
200500029146;5;5;26;1400;1;2;1;1;3;221.0;78, GRAND'RUE;;;;570
200500029149;5;5;9;1915;1;2;1;1;7;194.0;GABRIEL VALETTE;;;;580
200500029170;5;5;23;1705;1;2;3;1;1;616.0;140, VERMEERSCH (RUE );;;;590
200500029180;5;5;12;726;1;2;3;1;3;486.0;NATIONALE (RUE);;;;590
200500029198;5;5;1;1245;1;2;1;1;6;368.0;80, MAILLOTTE JEANNE RUE;;;;590
200500029202;5;5;1;1800;1;2;4;1;6;350.0;00, GARE LILLE FLANDRES;;;;590
200500029209;5;5;7;1510;1;2;1;1;2;350.0;001, BRANDT WILLY AVENUE;;;;590
200500029212;5;5;10;1710;1;2;1;1;6;350.0;14, MACE JEAN RUE;;;;590
200500029214;5;5;10;1010;1;2;1;1;6;350.0;131, MOLINEL RUE N°IMPAI;;;;590
200500029222;5;5;13;1545;1;2;1;2;6;350.0;58, NATIONALE RUE N°2 A;;;;590
200500029228;5;5;16;1155;1;2;7;1;3;350.0;DOREZ BARTHELEMY PLACE;;;;590
200500029245;5;5;23;1800;1;2;1;1;6;350.0;LEBAS JEAN BAPTISTE BOUL;;;;590
200500029254;5;5;25;1710;1;2;1;1;3;9.0;82, FUSILLES RUE DES DU;;;;590
200500029268;5;5;31;1405;1;2;2;1;6;356.0;560, DUNKERQUE AVENUE DE;;;;590
200500029271;5;5;23;800;1;2;3;1;6;378.0;00, GUESDE JULES RUE;;;;590
200500029278;5;5;17;1420;1;2;3;1;3;365.0;JULES GALLOIS (RUE);;;;590
200500029279;5;5;22;1620;1;2;3;1;3;392.0;SCIERIE (RUE DE LA);;;;590
200500029296;5;5;3;2005;1;2;1;1;3;526.0;315, AV E.COUTEAUX(COTE;;;;590
200500029301;5;5;2;1325;1;2;1;1;3;508.0;38BIS, PASTEUR (RUE);;;;590
200500029308;5;5;3;1340;1;2;1;1;6;606.0;LOMPREZ (RUE);;;;590
200500029313;5;5;5;1105;1;2;6;1;6;606.0;MACAREZ (RUE ERNEST);;;;590
200500029327;5;5;17;1910;1;2;1;1;3;414.0;8, LESIOUR (RUE);;;;600
200500029372;5;5;26;1640;1;2;3;1;6;215.0;13, MOULIN (R  JEAN);;;;620