Num_Acc;an;mois;jour;hrmn;lum;agg;int;atm;col;com;adr;gps;lat;long;dep
200500029393;5;5;13;1151;1;2;1;1;6;498.0;99, BASLY (BD EMILE);;;;620
200500029396;5;5;27;1415;1;2;3;7;6;771.0;XXXXXXXX, MADELEINE (R D;;;;620
200500029399;5;5;6;735;2;2;6;1;2;386.0;., BEUGNET (R CASIMIR);;;;620
200500029404;5;5;29;1640;1;2;9;1;3;510.0;., BALMAT (R JACQUES);;;;620
200500029423;5;5;6;1940;1;2;3;1;3;113.0;ETOILE (RUE DE L');;;;630
200500029425;5;5;7;1745;1;2;1;1;6;32.0;699, EUROPE (AVENUE DE L;;;;630
200500029428;5;5;10;1610;1;1;1;1;3;113.0;1, RECLUS (AVENUE ELISEE;;;;630
200500029456;5;5;30;1245;1;2;1;1;6;113.0;53, SABLON (COURS);;;;630
200500029457;5;5;31;1910;1;2;1;1;7;113.0;34, CHATEAU DES VERGNES;;;;630
200500029464;5;5;29;1810;1;2;1;1;3;164.0;CEBAZAT ANCIENNE (ROUTE;;;;630
200500029465;5;5;30;1010;1;2;6;8;3;103.0;ETATS-UNIES (RUE DES);;;;630
200500029515;5;5;13;1235;1;2;3;1;6;445.0;58, 14 JUILLET DU;;;;640
200500029518;5;5;17;1215;1;2;3;1;3;445.0;20, FEDERICO GARCIA LORC;;;;640
200500029540;5;5;25;1210;1;2;6;1;3;545.0;1, XORI KANTA (RUE);;;;640
200500029549;5;5;9;1545;1;2;1;1;6;440.0;., DUPONT (RUE);;;;650
200500029553;5;5;20;1600;1;2;1;1;3;440.0;KENNEDY (AVENUE DU PRESI;;;;650
200500029555;5;5;23;1545;1;2;2;1;3;440.0;MAQUIS DE SOMBRUN (RUE D;;;;650
200500029557;5;5;24;1720;1;2;6;1;3;440.0;MARQUES (RUE FRANCOIS);;;;650
200500029558;5;5;24;1820;1;2;1;1;3;440.0;FOULD (AVENUE);;;;650
200500029559;5;5;24;2030;1;2;3;1;3;47.0;JAURES (AVE JEAN);;;;650
200500029569;5;5;11;1249;1;2;3;1;3;136.0;, JULIEN PANCHOT (AVENUE;;;;660
200500029579;5;5;30;817;1;1;3;1;3;462.0;02, WESTRICH (RUE);;;;670
200500029580;5;5;2;850;1;2;2;1;3;482.0;WIMPHELING (RUE);;;;670
200500029584;5;5;4;950;1;2;2;1;3;482.0;0000, MOLL (RUE);;;;670
200500029598;5;5;11;1750;1;2;2;1;3;482.0;00, JEAN JAURES (AVENUE);;;;670
200500029600;5;5;12;1715;1;2;2;1;3;482.0;28, FINKWILLER (RUE);;;;670
200500029609;5;5;18;1855;1;2;3;1;3;204.0;SOLEIL (RUE DU);;;;670
200500029610;5;5;19;915;1;2;2;1;3;365.0;00, 23 NOVEMBRE (RUE DU);;;;670
200500029612;5;5;19;1325;1;2;1;1;1;482.0;GEORGES WODLI (RUE);;;;670
200500029615;5;5;20;1618;1;2;1;1;3;482.0;34, PREMIERE ARMEE (RUE;;;;670
200500029623;5;5;24;1630;1;2;2;1;2;482.0;76, VOSGES (AVENUE DES);;;;670
200500029624;5;5;25;1410;1;2;1;1;3;482.0;1 - 3, BOSTON (RUE DE);;;;670
200500029631;5;5;27;1200;1;2;1;1;3;482.0;19, PETITES FERMES (RUE;;;;670
200500029641;5;5;9;1205;1;2;3;1;3;66.0;INGERSHEIM (ROUTE D');;;;680
200500029644;5;5;24;1815;1;2;4;1;2;66.0;1, BAGATELLE ( RUE DE LA;;;;680
200500029645;5;5;25;1750;1;2;2;1;3;66.0;LORRAINE (AVENUE DE);;;;680
200500029646;5;5;28;1930;1;2;2;1;3;66.0;INGERSHEIM (ROUTE D');;;;680
200500029653;5;5;13;1705;1;2;2;1;3;224.0;SCHUMAN (AVENUE ROBERT);;;;680
200500029661;5;5;27;1840;1;2;1;1;3;224.0;34, RIBEAUVILLE (RUE DE);;;;680
200500029663;5;5;24;1710;1;2;1;1;3;166.0;36B, MULHOUSE (FAUBOURG;;;;680
200500029677;5;5;1;1930;1;2;1;1;3;259.0;28, AUGUSTE BLANQUI;;;;690
200500029683;5;5;20;2230;3;2;1;1;3;259.0;10, DIVISION LECLERC (DE;;;;690
200500029686;5;5;30;1930;1;2;1;1;6;199.0;86, JEAN JAURES;;;;690
200500029688;5;5;29;1745;1;2;1;1;2;259.0;122, IRENE JOLIOT CURIE;;;;690
200500029704;5;5;25;745;1;2;3;1;6;266.0;1, RUE MIMI PINSON;;;;690
200500029706;5;5;25;1820;1;2;2;1;6;266.0;RUE D'HANOI;;;;690
200500029713;5;5;11;1725;1;2;2;1;3;282.0;17, TRILLET (DU);;;;690
200500029716;5;5;3;2135;3;2;1;2;2;290.0;DAUPHINE (DU);;;;690
200500029719;5;5;19;1815;1;2;2;1;5;256.0;0, CROIX ROUSSE (DE LA);;;;690
200500029720;5;5;17;1340;1;2;2;1;3;256.0;EGALITE (DE L');;;;690
200500029721;5;5;17;1910;1;2;2;1;6;256.0;0, FOUILLOUSE (DE LA);;;;690
200500029772;5;5;15;1120;1;2;1;1;3;181.0;PREMARTINE (RUE) N° IMP;;;;720
200500029785;5;5;19;1540;1;2;2;1;3;181.0;LEFAUCHEUX PIERRE (BD);;;;720
200500029788;5;5;20;1810;1;2;3;1;1;181.0;JAURES JEAN (AV) N° PAIR;;;;720
200500029805;5;5;28;1930;1;2;1;1;3;181.0;PLATANES (AV DES);;;;720
200500029808;5;5;28;2040;5;2;1;1;1;181.0;49, RIVIERE (RUE DE LA);;;;720
200500029814;5;5;2;2020;2;2;1;1;6;11.0;148, MATHIAS (RUE JEAN-B;;;;730
200500029820;5;5;14;1050;1;1;6;3;3;31.0;MERANDE (ECHANGEUR DE);;;;730
200500029825;5;5;13;845;1;2;1;1;6;10.0;58, GENEVE (AVENUE DE)(S;;;;740
200500029831;5;5;28;1455;1;2;1;1;3;10.0;9, BERTHOLLET;;;;740
200500029841;5;5;27;910;1;2;6;1;3;281.0;GENEVE (AVE DE) JUSQUE C;;;;740
200500029854;5;5;9;1615;1;2;1;1;3;14.0;128 AV GENERAL LECLERC;;;;750
200500029858;5;5;1;1325;1;2;1;1;3;10.0;171 BD DE LA VILLETTE;;;;750
200500029876;5;5;2;1545;1;2;1;1;3;18.0;24 R ORDENER;;;;750
200500029879;5;5;2;1330;1;2;1;1;3;6.0;23 Q MALAQUAIS;;;;750
200500029884;5;5;3;1405;1;2;3;1;6;16.0;AV DE MALAKOFF PL PORTE;;;;750
200500029888;5;5;3;1605;1;2;1;3;3;7.0;18 R DES SAINTS PERES;;;;750
200500029924;5;5;16;1000;1;2;1;1;7;11.0;94 R DU CHEMIN VERT;;;;750
200500029930;5;5;3;1000;1;2;1;1;3;8.0;80 BD MALESHERBES;;;;750
200500029953;5;5;7;1745;1;2;2;1;3;11.0;AV DE LA REPUBLIQUE R DE;;;;750
200500029968;5;5;9;1830;1;2;2;1;3;13.0;R BOBILLOT R DE TOLBIAC;;;;750
200500029972;5;5;9;1735;1;2;2;1;2;18.0;R MONTCALM R ORDENER;;;;750
200500030005;5;5;10;1135;1;2;4;1;5;6.0;BD SAINT MICHEL R RACINE;;;;750
200500030017;5;5;10;1630;1;1;3;1;3;20.0;R DE BAGNOLET R DE PLANC;;;;750
200500030025;5;5;11;1830;1;2;1;1;6;2.0;208 R SAINT DENIS;;;;750
200500030037;5;5;11;1455;1;2;2;1;3;8.0;BD HAUSSMANN R DE COURCE;;;;750
200500030063;5;5;15;605;1;2;3;1;2;9.0;BD DE ROCHECHOUART BD DE;;;;750
200500030074;5;5;22;1010;1;2;2;1;3;12.0;AV DE SAINT MANDE BD SOU;;;;750
200500030090;5;5;19;20;5;2;1;1;3;19.0;78 R D AUBERVILLIERS;;;;750
200500030094;5;5;18;1510;1;2;1;7;2;8.0;8 R DU HAVRE;;;;750
200500030099;5;5;18;2330;5;2;3;1;7;18.0;R DES ABBESSES R BURQ;;;;750
200500030101;5;5;18;1703;1;2;1;1;6;19.0;PL DES FETES;;;;750
200500030104;5;5;17;1510;1;2;1;1;3;4.0;10 R DES ARCHIVES;;;;750
200500030113;5;5;17;1250;1;2;1;1;3;12.0;PT D AUSTERLITZ;;;;750
200500030114;5;5;17;957;1;2;1;1;3;17.0;3 BD PEREIRE;;;;750
200500030119;5;5;16;1315;1;2;1;1;6;1.0;150 R DE RIVOLI;;;;750
200500030127;5;5;26;1653;1;2;1;1;6;19.0;L3812 R MARSEILLAISE;;;;750
200500030131;5;5;16;550;2;2;2;1;3;13.0;R DE TOLBIAC R VERGNIAUD;;;;750
200500030140;5;5;16;1630;1;2;3;2;2;15.0;R DE VAUGIRARD R VICTOR;;;;750
200500030168;5;5;19;1320;1;2;1;1;6;10.0;65 BD DE LA VILLETTE;;;;750
200500030220;5;5;11;2003;1;2;1;1;3;17.0;20 R BAYEN;;;;750
200500030231;5;5;30;1545;1;2;3;1;6;5.0;Q SAINT MICHEL PT SAINT;;;;750
200500030243;5;5;30;1625;1;2;1;1;6;16.0;120 AV DE VERSAILLES;;;;750
200500030253;5;5;31;1735;1;2;1;1;6;8.0;62 R DE LISBONNE;;;;750
200500030268;5;5;25;1850;1;2;2;1;6;6.0;R DE RENNES R DE VAUGIRA;;;;750
200500030269;5;5;25;1255;1;2;4;1;6;8.0;R D EDIMBOURG R DE ROME;;;;750
200500030284;5;5;25;1807;1;2;1;1;1;16.0;L14583 RTE SEVRES A NEUI;;;;750
200500030300;5;5;18;945;1;2;1;1;3;6.0;14 BD DU MONTPARNASSE;;;;750
200500030302;5;5;21;1815;1;2;3;1;3;3.0;BD DE SEBASTOPOL R AUX O;;;;750
200500030351;5;5;20;1925;1;2;1;1;3;19.0;64 R DE L OURCQ;;;;750
200500030368;5;5;22;1955;1;2;1;1;6;20.0;73 R LOUIS LUMIERE;;;;750
200500030369;5;5;23;1450;1;2;2;1;2;4.0;BD HENRI IV R JACQUES CO;;;;750
200500030383;5;5;24;1100;1;2;3;1;3;1.0;R RIVOLI R DE L ECHELLE;;;;750
200500030385;5;5;24;1745;1;2;1;1;6;8.0;4 R CHAUVEAU LAGARDE;;;;750
200500030392;5;5;24;1800;1;2;1;1;3;17.0;2 BD DE COURCELLES;;;;750
200500030396;5;5;26;1830;1;2;3;1;3;7.0;Q D ORSAY BD LA TOUR MAU;;;;750
200500030401;5;5;26;2045;1;2;1;1;6;11.0;92 BD VOLTAIRE;;;;750
200500030403;5;5;26;1700;1;2;2;1;7;12.0;BD DIDEROT R CROZATIER;;;;750
200500030411;5;5;27;1935;1;2;5;1;3;3.0;R REAUMUR R BEAUBOURG;;;;750
200500030412;5;5;27;1445;1;2;1;1;3;3.0;140 R DU TEMPLE;;;;750
200500030421;5;5;27;1045;1;2;1;1;7;12.0;L924 AV DE GRAVELLE;;;;750
200500030423;5;5;27;1020;1;2;4;1;3;15.0;R DE DANTZIG PAS DE DANT;;;;750
200500030427;5;5;27;1650;1;2;1;1;3;18.0;57 R GANNERON;;;;750
200500030433;5;5;28;2100;2;2;1;1;3;7.0;116 AV DE SUFFREN;;;;750
200500030437;5;5;28;1715;1;2;1;1;3;11.0;86 BD VOLTAIRE;;;;750
200500030441;5;5;28;1745;1;2;3;1;3;18.0;R ORDENER R FERDINAND FL;;;;750
200500030455;5;5;29;1505;1;2;1;8;6;14.0;42 R SARRETTE;;;;750
200500030466;5;5;31;1804;1;2;1;1;6;17.0;01 PL DU MARECHAL JUIN;;;;750
200500030485;5;5;4;1700;1;2;2;1;3;20.0;R DES PYRENEES R DES GAT;;;;750
200500030561;5;5;27;1615;1;2;1;1;3;474.0;1, PAGNOL. RUE MARCEL;;;;760
200500030571;5;5;29;1320;1;2;3;1;6;108.0;02, HEMON ( RUE FRANCK );;;;770
200500030617;5;5;10;1705;1;2;1;1;3;53.0;JEAN JAURES (BOULEVARD);;;;770
200500030641;5;5;7;1740;1;2;1;1;1;382.0;0,00, STALINGRAD (RUE DE;;;;780
200500030647;5;5;19;1700;1;2;1;1;3;172.0;RD 48;;;;780
200500030678;5;5;15;1405;1;2;2;1;3;440.0;indet, MILLET (RUE);;;;780
200500030701;5;5;12;1710;1;2;3;1;3;517.0;81, MOUTIE (RUE AUGUSTE);;;;780
200500030725;5;5;25;1235;1;2;2;1;3;621.0;HENNEQUIN (AVENUE ROGER);;;;780
200500030740;5;5;13;1820;1;2;3;1;3;117.0;0, SOURCES (RUE DES);;;;780
200500030752;5;5;27;1905;1;1;1;7;2;343.0;MANTES (ROUTE DE);;;;780
200500030760;5;5;18;1915;1;2;3;1;3;650.0;0, ECLUSE (DE L');;;;780
200500030777;5;5;22;1842;1;2;2;1;3;21.0;0, DELPECH (RUE);;;;800
200500030783;5;5;28;1920;1;2;2;1;3;21.0;0, DURY (BOULEVARD DE);;;;800
200500030785;5;5;31;1855;1;2;3;1;3;21.0;0, HAUTE DES CHAMPS (RUE;;;;800
200500030786;5;5;30;2005;1;2;2;1;3;21.0;0, NOYON (RUE DE);;;;800
200500030811;5;5;2;850;1;2;2;1;3;121.0;0, PARIS N 20 (AVENUE DE;;;;820
200500030818;5;5;20;2010;1;2;2;1;3;121.0;0, VOLTAIRE (RUE);;;;820
200500030840;5;5;28;1825;1;2;9;1;6;9.0;ARMEE D'AFRIQUE (ROND PO;;;;830
200500030859;5;5;4;745;1;1;1;7;2;90.0;CANNIERS (CHEMIN DES);;;;830
200500030862;5;5;8;1810;1;1;1;1;6;90.0;NATIONALE 8 (ROUTE);;;;830
200500030877;5;5;23;725;1;2;1;1;3;137.0;372, GOURAUD (AVE GENERA;;;;830
200500030901;5;5;9;820;1;2;1;1;2;7.0;TARASCON;;;;840
200500030912;5;5;20;1215;1;2;1;1;3;7.0;C.De GAULLE (Rocade);;;;840
200500030914;5;5;21;1130;1;2;6;1;3;7.0;EISENHOWER (Avenue);;;;840
200500030917;5;5;26;930;1;2;1;1;3;7.0;PIERRE SEMARD (avenue);;;;840
200500030928;5;5;26;1110;1;2;1;1;1;35.0;25, CABASSOLE (PLACE  PH;;;;840
200500030935;5;5;17;1420;1;2;1;1;3;191.0;105, SALENGRO RUE ROGER;;;;850
200500030937;5;5;10;1150;1;2;1;1;7;191.0;7, BROSSARDIERE RUE DE L;;;;850
200500030938;5;5;28;1855;1;2;2;1;3;191.0;0, BELGES BOULEVARD DES;;;;850
200500030940;5;5;1;1610;1;2;1;1;7;194.0;125, JAURES (AVENUE JEAN;;;;850
200500030941;5;5;8;1700;1;2;1;1;2;194.0;ANC COMBATTANTS D'INDOCH;;;;850
200500030945;5;5;28;2130;5;2;1;1;2;194.0;KENNEDY (PR DU PRESIDENT;;;;850
200500030952;5;5;4;1730;1;1;1;1;6;194.0;93, GENCAY (ROUTE DE);;;;860
200500030960;5;5;20;1535;1;2;6;1;2;41.0;1, ROMAINE (VOIE);;;;860
200500031032;5;5;11;1357;1;2;3;1;3;1.0;35, MONTBELIARD (ROUTE D;;;;900
200500031033;5;5;12;1325;1;2;2;1;1;10.0;1, FONTAINE (RUE JEAN DE;;;;900
200500031044;5;5;30;1745;1;2;7;1;3;10.0;EUROPE (PLACE DE L');;;;900
200500031047;5;5;8;900;1;2;1;1;3;457.0;16, PAIX (RUE DE LA);;;;910
200500031055;5;5;27;1300;1;2;1;1;6;103.0;01, VALORGE (RUE DE);;;;910
200500031078;5;5;12;1250;1;1;1;1;2;433.0;35, CD 17;;;;910
200500031087;5;5;11;1345;1;2;1;1;3;228.0;., HALAGE (CHEMIN DU);;;;910
200500031093;5;5;16;1520;1;2;2;1;3;228.0;., YERRES (BD);;;;910
200500031094;5;5;18;1533;1;2;1;1;3;228.0;., RN7;;;;910
200500031099;5;5;31;1955;1;2;1;1;3;228.0;., VOIE TU;;;;910
200500031109;5;5;22;1730;1;2;1;1;3;191.0;4, HECTOR BERLIOZ (RUE);;;;910
200500031112;5;5;31;1605;1;2;1;1;3;421.0;7, MARECHAL FOCH (AVENUE;;;;910
200500031113;5;5;1;2020;2;2;1;1;3;477.0;HUIT MAI 1945 (AVENUE DU;;;;910
200500031117;5;5;25;1125;1;2;1;1;3;645.0;35, FOCH (BOULEVARD DU M;;;;910
200500031119;5;5;10;1415;1;2;1;1;2;64.0;26, GISY (ROUTE, JUSQU'A;;;;910
200500031122;5;5;31;1925;1;2;2;1;2;477.0;ALLIES (AVENUE DES);;;;910
200500031129;5;5;7;1730;1;2;1;1;3;14.0;13, MARECHAL JOFFRE (BD;;;;920
200500031140;5;5;21;1915;2;2;3;1;6;9.0;HOCHE ( RUE );;;;920
200500031157;5;5;27;525;2;2;1;1;6;12.0;QUATRE SEPTEMBRE (QUAI D;;;;920
200500031201;5;5;19;1320;1;2;3;1;3;25.0;GABRIEL (AV);;;;920
200500031220;5;5;28;1205;1;2;1;1;6;40.0;PASTEUR (AVENUE);;;;920
200500031232;5;5;1;1620;1;2;1;1;7;48.0;TRIVAUX (AVENUE DE) N° 9;;;;920
200500031244;5;5;19;1010;1;2;1;1;6;20.0;80, VERDUN AVENUE DE AUT;;;;920
200500031259;5;5;9;1840;1;2;1;1;7;50.0;17, ARLEQUIN ALLEE DE L';;;;920
200500031261;5;5;11;1045;1;2;2;1;3;50.0;MORIN PAUL RUE;;;;920
200500031332;5;5;23;1240;1;2;2;1;3;1.0;90, REPUBLIQUE (AVE DE L;;;;930
200500031408;5;5;28;2015;1;2;2;1;2;46.0;Sans Objet, AMEDEE DUNOI;;;;930
200500031409;5;5;1;1555;1;2;4;1;3;48.0;BAUDIN (RUE);;;;930
200500031414;5;5;21;1540;1;2;1;1;6;48.0;07, KLEBER (RUE);;;;930
200500031416;5;5;24;1400;1;2;1;1;6;48.0;194, EDOUARD BRANLY (RUE;;;;930
200500031424;5;5;12;1930;1;2;1;1;3;49.0;77 TER, PAUL ET CAMILLE;;;;930
200500031438;5;5;18;1755;1;2;1;1;6;53.0;30, ROGER SALENGRO (BLD);;;;930
200500031441;5;5;18;1745;1;2;1;1;6;53.0;1, ROGER SALENGRO (BLD);;;;930
200500031448;5;5;28;245;5;2;1;1;1;55.0;1, NOISY LE SEC (ROUTE D;;;;930
200500031466;5;5;5;2300;5;2;2;1;3;66.0;1, PORT;;;;930
200500031467;5;5;6;1950;1;2;1;1;6;66.0;01, CANAL (PASSAGE);;;;930
200500031478;5;5;28;1321;1;2;1;1;6;70.0;87, ROSIERS(DES) : APRES;;;;930
200500031484;5;5;24;1750;1;2;9;1;3;71.0;RONSARD (AVENUE);;;;930
200500031538;5;5;7;1625;1;2;1;1;3;55.0;85, PROVINS (RTE DE);;;;940
200500031540;5;5;8;1825;1;2;3;1;3;79.0;NAIADES (ALL DES);;;;940
200500031572;5;5;27;1525;1;2;2;1;3;11.0;1, PARIS(AVENUE DE);;;;940
200500031595;5;5;23;1745;1;2;1;1;6;46.0;00, PROFESSEUR CADIOT (A;;;;940
200500031614;5;5;11;1445;1;2;3;1;3;81.0;ABBE ROGER DERRY (AV DE;;;;940
200500031616;5;5;17;745;1;2;3;1;6;81.0;CHARLES INFROIT (R);;;;940
200500031620;5;5;24;755;1;2;1;1;2;81.0;JULES GUESDE (QU);;;;940
200500031637;5;5;13;1920;1;2;2;1;7;176.0;ARGENTEUIL (ROUTE D');;;;950
200500031645;5;5;24;1540;1;2;2;1;2;18.0;BELLEVUE (RUE DE);;;;950
200500031646;5;5;24;1645;1;2;1;1;3;18.0;FEIX (BOULEVARD LEON);;;;950
200500031676;5;5;22;925;1;2;1;1;3;219.0;ROBERT BICHET (PLACE);;;;950
200500031684;5;5;16;1445;1;2;1;8;3;280.0;FACE AU 03, SALENGRO ROG;;;;950
200500031690;5;5;8;1315;1;2;1;1;7;306.0;0, MAC COLAS (CHEMIN);;;;950
200500031692;5;5;20;1640;1;2;1;1;7;306.0;0, ANES (SENTE AUX);;;;950
200500031874;5;5;16;1700;1;1;1;2;2;136.0;RN 188 PARIS / A 10 PARI;;;;910
200500031930;5;5;22;1615;1;2;1;1;6;123.0;89, PRESIDENT EDOUARD HE;;;;690
200500031976;5;5;16;1305;1;2;1;1;1;386.0;GENERAL LECLERC;;;;690
200500031977;5;5;20;1440;1;2;2;1;3;383.0;ST ANTOINE;;;;690
200500031984;5;5;27;1940;1;2;1;1;3;383.0;ALBERT THOMAS;;;;690
200500032017;5;5;23;1715;1;2;1;1;3;385.0;145, BARTHELEMY BUYER;;;;690
200500032044;5;5;25;1800;1;2;2;1;6;388.0;00, JEAN SARRAZIN;;;;690
200500032045;5;5;31;1433;1;2;1;1;3;383.0;101, VILLON;;;;690
200500032141;5;4;4;1800;1;1;1;1;1;299.0;;M;0.0;0.0;690
200500032187;5;3;29;1220;1;2;1;1;6;387.0;82, DEBOURG;;;;690
200500032191;5;6;26;1415;1;1;1;1;6;53.0;PLAN ( CHEMIN DU );;;;10
200500032196;5;6;25;1517;1;1;3;1;3;289.0;sans n, CHARTREUSE (RUE;;;;10
200500032221;5;6;22;1905;1;2;1;1;2;310.0;48, DENIERE (BOULEVARD);;;;30
200500032229;5;6;17;900;1;2;2;1;7;23.0;32, REPUBLIQUE (AVENUE D;;;;50
200500032236;5;6;14;635;1;2;3;1;3;61.0;24, SAGNIERES ( RUE DES;;;;50
200500032242;5;6;10;1000;1;2;1;1;2;4.0;LITTORAL(BDM APRES BIJOU;;;;60
200500032275;5;6;22;1130;1;2;4;1;2;27.0;VIAL RUE DU CAPITAINE DE;;;;60
200500032283;5;6;2;855;1;2;1;1;3;29.0;SEMARD (PLACE PIERRE);;;;60
200500032299;5;6;9;1810;1;2;6;2;3;29.0;COUBERTIN (AVENUE PIERRE;;;;60
200500032310;5;6;15;2023;1;2;1;1;3;30.0;00, LAURIERS (CHEMIN DES;;;;60
200500032313;5;6;17;1616;1;2;1;1;7;29.0;36, MIDI (BOULEVARD DU);;;;60
200500032322;5;6;24;953;1;2;1;1;3;29.0;24, MIDI (BOULEVARD DU);;;;60
200500032331;5;6;27;1113;1;2;1;1;3;29.0;00, MIDI (BOULEVARD DU);;;;60
200500032336;5;6;30;1910;1;2;1;1;3;29.0;93, CARNOT (BOULEVARD);;;;60
200500032339;5;6;3;1540;1;2;1;1;2;69.0;148, PLAN (ROUTE DU) -D3;;;;60
200500032396;5;6;7;815;1;2;1;1;3;88.0;0, VOIE RAPIDE;;;;60
200500032398;5;6;7;1700;1;2;1;1;3;88.0;0, ANGLAIS (DU N° 265 AU;;;;60
200500032411;5;6;10;1320;1;2;1;1;3;88.0;11, JOFFRE (R. MARECHAL);;;;60
200500032439;5;6;16;1750;1;2;1;1;3;88.0;75, JOLY (CORNICHE ANDRE;;;;60
200500032445;5;6;17;1400;1;2;1;1;6;88.0;04, VERDUN (AV. DE);;;;60
200500032503;5;6;28;645;2;2;2;1;3;88.0;0, ANGLAIS (DU N° 265 AU;;;;60
200500032509;5;6;28;2000;1;2;1;1;3;88.0;27, MONTEL (BD PAUL);;;;60
200500032512;5;6;29;1805;1;2;1;1;6;88.0;0, SULZER (R.);;;;60
200500032519;5;6;29;2330;5;2;1;1;2;88.0;168, CALIFORNIE (AV.) (D;;;;60
200500032532;5;6;3;1730;1;2;3;1;3;281.0;4, VIEUX PONT (RUE DU);;;;70
200500032542;5;6;8;1450;1;1;1;1;6;122.0;LABARRE;;;;90
200500032548;5;6;15;2000;1;1;1;1;7;225.0;ESCOSSE CHEMIN D';;;;90
200500032597;5;6;2;800;1;2;6;1;3;47.0;;;;;130
200500032599;5;6;27;1355;1;1;1;1;1;47.0;VARAGE AVENUE DES;;;;130
200500032604;5;6;6;1920;1;2;1;1;6;54.0;7, PONSARDE  CHEMIN DE L;;;;130
200500032615;5;6;26;1930;1;2;1;1;3;54.0;72, LACANAU  AVENUE DE;;;;130
200500032644;5;6;4;1245;1;2;1;1;1;55.0;9, VERSAILLES (RUE DE);;;;130
200500032647;5;6;7;1500;1;1;1;1;6;55.0;GINESTE (COL DE LA);;;;130
200500032725;5;6;22;1915;1;2;2;1;6;55.0;69, PERRIN SOLLIERS (RUE;;;;130
200500032757;5;6;22;1305;1;2;6;1;6;55.0;DR ARTHUR FALLOT (ROND P;;;;130
200500032801;5;6;5;1740;1;2;9;1;1;55.0;09, PALAMA (CHEMIN DE);;;;130
200500032829;5;6;27;1950;5;2;3;1;3;55.0;59, STRASBOURG (BD);;;;130
200500032830;5;6;13;1830;1;2;6;1;3;55.0;ROUTE DE CORBIERES (PLAG;;;;130
200500032846;5;6;18;1700;1;2;1;1;1;55.0;4, HENRI FABRE (RUE);;;;130
200500032877;5;6;29;1410;1;2;1;1;3;39.0;CASSIN RENE (avenue);;;;130
200500032883;5;6;5;1100;1;2;1;1;1;103.0;RTE DU VAL DE CUECH-RD 1;;;;130
200500032901;5;6;14;1851;1;2;3;1;3;71.0;ROUTE NATIONALE 113 - AG;;;;130
200500032928;5;6;21;1400;1;1;1;1;3;118.0;0, BECQUEREL (BOULEVARD;;;;140
200500032941;5;6;15;1250;1;2;6;1;2;14.0;VIALENC (CARREFOUR DU);;;;150
200500032942;5;6;2;1835;1;1;1;1;6;291.0;0, RIFFAUDS (ROUTE DES);;;;160
200500032959;5;6;5;1825;1;2;2;1;3;200.0;BRIAND   AVENUE ARISTIDE;;;;170
200500032960;5;6;7;1615;1;2;1;1;2;200.0;MOULIN   PONT JEAN;;;;170
200500032963;5;6;9;1810;1;2;2;1;2;200.0;NEUVE   AVENUE DE LA POR;;;;170
200500032973;5;6;15;1650;1;2;3;2;2;200.0;100, DENFERT-ROCHEREAU;;;;170
200500032975;5;6;17;1220;1;2;6;1;3;300.0;01, REPUBLIQUE   BOULEVA;;;;170
200500032992;5;6;14;940;1;2;1;1;2;415.0;KENNEDY AVENUE JOHN FITZ;;;;170
200500032999;5;6;5;2020;1;2;2;2;3;33.0;sans, JURANVILLE (BOULEV;;;;180
200500033003;5;6;23;1030;1;2;2;1;3;33.0;AUCUN, CLEMENCEAU (BOULE;;;;180
200500033013;5;6;11;1215;1;2;1;1;3;279.0;PARIS (ROUTE DE);;;;180
200500033028;5;6;19;1735;1;2;1;1;2;31.0;103, ALVITRE (AVENUE ABB;;;;190
200500033041;5;6;13;1345;1;2;2;1;3;54.0;PASTEUR (RUE);;;;210
200500033042;5;6;16;735;1;2;1;1;6;54.0;9, BRETONNIERE (RUE DU F;;;;210
200500033044;5;6;30;550;2;2;1;1;1;54.0;19, ROLES (RUE DES);;;;210
200500033052;5;6;3;1340;1;2;3;1;3;231.0;CHAMPOLLION (AVENUE);;;;210
200500033057;5;6;10;1625;1;2;6;1;2;231.0;1, BORDOT (RUE);;;;210
200500033065;5;6;16;1905;1;2;2;1;3;231.0;LONGEPIERRE (RUE);;;;210
200500033076;5;6;29;1842;1;2;3;1;3;231.0;2, PIRON (RUE);;;;210
200500033083;5;6;10;1550;1;2;1;1;2;278.0;, ATLANTIQUE (BD) N°58/7;;;;220
200500033114;5;6;9;815;1;2;1;1;2;56.0;DOLE RUE DE <82;;;;250
200500033116;5;6;10;1441;1;2;1;1;6;56.0;13, TARRAGNOZ FAUBOURG;;;;250
200500033122;5;6;16;1751;1;2;1;1;2;56.0;21, LANCHY  RUE NARCISSE;;;;250
200500033130;5;6;25;1918;1;2;1;1;6;56.0;BERLIOZ RUE HECTOR;;;;250
200500033134;5;6;3;1100;1;2;1;1;3;539.0;51, PALE (RUE DE LA);;;;250