Num_Acc;an;mois;jour;hrmn;lum;agg;int;atm;col;com;adr;gps;lat;long;dep
200500033135;5;6;9;1035;1;2;1;1;6;580.0;15, VERNOIS (RUE DU);;;;250
200500033136;5;6;7;1620;1;2;1;1;1;230.0;MAIRIE (AVENUE DE LA);;;;250
200500033140;5;6;21;2030;1;2;2;1;1;580.0;09, PERGAUD (RUE LOUIS);;;;250
200500033155;5;6;10;1355;1;2;1;1;1;362.0;Sans N, PAPIN RUE DENIS;;;;260
200500033166;5;6;27;1810;1;2;1;1;3;362.0;71, PAPIN RUE DENIS (304;;;;260
200500033169;5;6;8;1755;1;2;1;1;3;229.0;17, NORMANDIE (BOULEVARD;;;;270
200500033171;5;6;20;1745;1;2;1;1;2;229.0;CONCHES (ROUTE DE);;;;270
200500033183;5;6;23;1140;1;2;9;1;6;681.0;LE TELLIER (RUE PIERRE);;;;270
200500033192;5;6;23;1055;1;2;9;1;3;218.0;57, LECLERC (RUE DU MARE;;;;280
200500033195;5;6;27;725;1;2;2;1;5;85.0;SANS, MACE (RUE HENRI);;;;280
200500033202;5;6;24;648;2;1;6;1;1;404.0;GARNAY (ROND POINT DE);;;;280
200500033252;5;6;2;1810;1;2;1;1;3;28.0;24, EUROPE (AVENUE DE L';;;;300
200500033267;5;6;2;1220;1;2;1;1;3;189.0;., JOLIOT CURIE (AVENUE);;;;300
200500033284;5;6;15;1748;1;2;1;1;6;189.0;., MONT DU PLAN (CHEMIN;;;;300
200500033327;5;6;1;1355;1;2;1;1;2;555.0;83, GLOIRE (AV DE LA) DU;;;;310
200500033332;5;6;2;710;2;2;3;1;3;555.0;10, TOURMALET (RUE DU) D;;;;310
200500033374;5;6;13;1220;1;2;1;1;2;555.0;87, MINIMES (AV DES) DU;;;;310
200500033383;5;6;16;1815;1;2;2;1;3;555.0;2, GLACIERE (IMP DE LA);;;;310
200500033401;5;6;21;2210;5;2;1;1;3;555.0;4, LAFOURCADE (PL AUGUST;;;;310
200500033406;5;6;22;1131;1;2;3;1;3;555.0;14, PERPIGNAN (CHE DE) D;;;;310
200500033412;5;6;23;1700;1;2;1;1;3;555.0;109, CURIE (BD PIERRE) D;;;;310
200500033425;5;6;28;1645;1;2;1;1;3;555.0;SOULA (ALL DU PR CAMILLE;;;;310
200500033442;5;6;23;1550;1;2;1;1;3;13.0;15, EUGENE SUE;;;;320
200500033443;5;6;27;1640;1;2;3;1;3;13.0;ROUGET DE LISLE;;;;320
200500033447;5;6;2;915;1;2;1;7;6;63.0;BRISTOL (ALL DE);;;;330
200500033456;5;6;6;1455;1;1;1;1;3;63.0;19-21, FURTADO (RUE );;;;330
200500033460;5;6;1;1610;1;1;2;1;3;522.0;COMBATTANTS A F N (RUE D;;;;330
200500033464;5;6;8;830;1;2;3;1;3;63.0;THIERS (AVE );;;;330
200500033472;5;6;11;755;1;2;3;1;1;63.0;BECHADE (RUE DE LA);;;;330
200500033473;5;6;11;1500;1;2;1;1;3;63.0;JUDAIQUE (RUE );;;;330
200500033477;5;6;13;1835;1;2;1;1;2;63.0;61, HUGO (CRS VICTOR) (1;;;;330
200500033483;5;6;15;1615;1;2;3;1;1;63.0;VERDUN (CRS DE);;;;330
200500033491;5;6;17;2150;5;2;2;1;3;63.0;DELBOS (RUE );;;;330
200500033499;5;6;16;1820;1;2;7;1;3;119.0;CASSAGNE (AVE RENE);;;;330
200500033501;5;6;20;1708;1;2;3;1;3;63.0;FONDAUDEGE (RUE );;;;330
200500033512;5;6;21;1735;1;2;1;1;6;63.0;47, GEORGE V (BD );;;;330
200500033517;5;6;16;1255;1;2;2;1;3;192.0;PEYCAMIN (RUE DE);;;;330
200500033523;5;6;24;1000;1;2;3;1;3;63.0;FONDAUDEGE (RUE );;;;330
200500033535;5;6;28;1635;1;2;1;2;2;63.0;259, JUDAIQUE (RUE );;;;330
200500033538;5;6;24;2130;2;2;1;1;1;550.0;GASTON (CHEM );;;;330
200500033540;5;6;29;1815;1;2;3;1;1;63.0;DIEUZAIDE (RUE PERE);;;;330
200500033542;5;6;30;1210;1;2;3;1;3;63.0;GOURGUE (CRS DE);;;;330
200500033553;5;6;30;1730;1;2;1;1;6;3.0;GENTILSHOMMES (H16 A L17;;;;340
200500033565;5;6;15;1140;1;2;2;1;1;32.0;BIR-HARKEIM (BD DE);;;;340
200500033566;5;6;21;915;1;2;1;1;7;32.0;22 bis, RIQUET PIERRE PA;;;;340
200500033577;5;6;28;1500;1;2;1;1;6;32.0;22 AOUT 1944 (AVENUE DU);;;;340
200500033586;5;6;4;1530;1;1;1;1;1;172.0;BLEUETS (RUE DES);;;;340
200500033615;5;6;21;2345;3;1;1;1;3;172.0;910, PIREE (AVENUE DU);;;;340
200500033616;5;6;23;10;3;2;9;1;6;129.0;SAINT-PIERRE (CHEMIN DE);;;;340
200500033625;5;6;29;1505;1;2;3;1;3;172.0;113, LODEVE (AVENUE DE;;;;340
200500033630;5;6;23;2330;5;2;1;1;3;301.0;AUCUN, MASSAULT PAUL (EC;;;;340
200500033644;5;6;8;915;1;2;1;1;3;238.0;00, CHATEAU (AVENUE FRAN;;;;350
200500033647;5;6;10;830;1;2;1;1;6;238.0;00, TOUR D'AUVERGNE (BD;;;;350
200500033650;5;6;18;1150;1;2;1;1;6;238.0;13, BRETECHE (RUE DE LA);;;;350
200500033659;5;6;24;1350;1;2;1;1;3;55.0;00, BRETAGNE (RUE DE);;;;350
200500033664;5;6;24;1805;1;2;1;1;6;238.0;00, CHEVRIER (ROBERT);;;;350
200500033667;5;6;24;2145;1;2;3;1;6;238.0;00, CARTIER (BD JACQUES);;;;350
200500033672;5;6;29;600;2;2;1;1;6;238.0;76, ANTRAIN (D') DE 43 E;;;;350
200500033681;5;6;20;1700;1;2;3;1;3;288.0;ANTILLES (RUE DES);;;;350
200500033688;5;6;27;2130;1;2;1;1;6;44.0;Rue Marguerite YOURCENAR;;;;360
200500033695;5;6;2;910;1;2;1;1;1;122.0;0, FANTAISIE (RUE DE LA);;;;370
200500033700;5;6;10;1550;1;2;3;1;3;261.0;, FROMONT (RUE);;;;370
200500033711;5;6;30;1640;1;2;2;2;5;261.0;HOCHE (RUE);;;;370
200500033715;5;6;8;745;1;2;1;1;6;261.0;54, GIRAUDEAU (RUE);;;;370
200500033718;5;6;28;815;1;2;1;1;2;261.0;5, SAUVAGE (RUE FREDERIC;;;;370
200500033720;5;6;1;1145;1;2;1;1;3;185.0;08, LYAUTEY (BOULEVARD M;;;;380
200500033727;5;6;6;1630;1;2;2;1;3;185.0;00, ROBESPIERRE (CHEMIN);;;;380
200500033730;5;6;10;810;1;2;1;1;6;185.0;11, ALBERT 1ER DE BELGIQ;;;;380
200500033731;5;6;10;1550;1;2;1;1;2;185.0;106, MARTYRS (AV. DES);;;;380
200500033741;5;6;15;1632;1;2;1;1;6;185.0;06, RANDON (AV. MAL);;;;380
200500033747;5;6;21;1205;1;2;1;1;3;185.0;25, CHORIER (RUE N.) 12/;;;;380
200500033749;5;6;22;1400;1;2;9;1;6;185.0;78, LYON (ROUTE DE);;;;380
200500033754;5;6;26;1815;1;2;3;1;3;421.0;00, MICHEL (RUE L.);;;;380
200500033756;5;6;28;850;1;2;2;1;3;185.0;00, MONTORGE (RUE);;;;380
200500033791;5;6;1;750;1;2;3;1;3;269.0;., TREMAULT (BOULEVARD D;;;;410
200500033804;5;6;25;1655;1;2;3;1;3;95.0;8, LAPRAT (RUE);;;;420
200500033805;5;6;23;1800;1;2;1;1;2;316.0;DE GAULLE (RUE CHARLES);;;;420
200500033811;5;6;3;1340;1;2;1;1;6;187.0;1, PLASSE (RUE GEORGES);;;;420
200500033812;5;6;4;1900;1;2;1;1;3;71.0;133, LIBERATION (AVENUE;;;;420
200500033827;5;6;25;1500;1;2;1;1;4;71.0;Pont de la LOIRE;;;;420
200500033828;5;6;29;1155;1;2;2;2;6;187.0;61, SEGUIN (RUE);;;;420
200500033868;5;6;21;1410;1;2;1;1;3;41.0;03, GARE (AVENUE DE LA);;;;430
200500033874;5;6;29;1430;1;2;2;1;3;135.0;1, HALLALI ( AVENUE DE L;;;;440
200500033875;5;6;1;1430;1;2;2;1;3;109.0;sans, SAGET ( RUE );;;;440
200500033876;5;6;2;1350;1;2;3;1;3;109.0;44, SCHUMAN ( BD ROBERT;;;;440
200500033880;5;6;5;1930;1;2;1;2;7;109.0;00, BELLAMY ( RUE PAUL );;;;440
200500033882;5;6;2;923;1;2;2;1;6;109.0;FOSSE ( QUAI DE LA );;;;440
200500033884;5;6;3;1955;1;2;1;1;3;204.0;0, DE GAULLE (BD CHARLES;;;;440
200500033896;5;6;12;1650;1;2;1;1;7;114.0;0, MENDES FRANCE (BD);;;;440
200500033913;5;6;21;1725;1;2;1;1;6;204.0;GAULLE ( BD DE);;;;440
200500033919;5;6;22;905;1;2;1;1;3;114.0;1, RN 137;;;;440
200500033929;5;6;28;1305;1;2;1;1;3;109.0;MARSEILLAISE ( RUE DE LA;;;;440
200500033952;5;6;1;2110;2;2;6;1;3;302.0;VALLEE (ROND POINT DE LA;;;;450
200500033958;5;6;8;1910;1;2;2;1;3;147.0;COLETTE (RUE );;;;450
200500033959;5;6;8;1650;1;2;3;1;3;234.0;8, ZAY (AVENUE JEAN ZAY);;;;450
200500033978;5;6;24;1730;1;2;1;1;2;234.0;06, BARBOTTE (RUE DE);;;;450
200500033987;5;6;29;840;1;2;1;1;3;234.0;58, ZOLA (EMILE);;;;450
200500033988;5;6;2;1000;1;2;1;1;3;42.0;GAMBETTA (BOULEVARD LEON;;;;460
200500033998;5;6;27;1624;1;2;1;1;3;1.0;101, JAURES (AV. JEAN);;;;470
200500034002;5;6;17;1005;1;2;1;1;6;157.0;MEYNIEL (BOULEVARD);;;;470
200500034006;5;6;1;750;1;2;1;1;3;246.0;00, HUGO VICTOR RUE;;;;490
200500034018;5;6;9;1100;1;2;3;1;3;7.0;AYRAULT;;;;490
200500034022;5;6;13;1708;1;2;1;1;6;246.0;25, GAULLE RUE CHARLES D;;;;490
200500034031;5;6;12;1636;1;2;1;1;7;7.0;00, BOUCHEMAINE ROUTE;;;;490
200500034034;5;6;14;1745;1;2;4;1;3;7.0;00, JOXE AVENUE;;;;490
200500034046;5;6;25;1416;1;2;1;1;3;246.0;00, DESJARDINS;;;;490
200500034049;5;6;28;1125;1;2;1;1;3;7.0;29, CARNOT;;;;490
200500034051;5;6;29;1059;1;2;3;1;3;7.0;00, DETRICHE BOULEVARD;;;;490
200500034053;5;6;29;1735;1;2;6;1;3;7.0;ANQUETIL PLACE;;;;490
200500034069;5;6;21;2000;1;2;9;1;3;328.0;SANS, VERDUN (PLACE DE);;;;490
200500034078;5;6;15;745;1;2;3;2;3;416.0;00, COQUERIE (RUE DE LA);;;;500
200500034079;5;6;15;1315;1;2;1;1;3;602.0;EST (BOULEVARD DE L');;;;500
200500034085;5;6;21;1800;1;2;1;1;2;129.0;CALIGNY (QUAI DE);;;;500
200500034094;5;6;14;1605;1;2;1;1;4;647.0;72, GRACE DE DIEU (RUE);;;;500
200500034118;5;6;25;1600;1;2;1;1;1;172.0;2, ALSACE LORRAINE (BOUL;;;;510
200500034120;5;6;29;2020;1;2;1;3;6;454.0;NEUFCHATEL (RUE DE) DU N;;;;510
200500034133;5;6;16;2000;1;2;2;1;3;130.0;LE BASSER ( BOULEVARD FR;;;;530
200500034182;5;6;24;705;1;2;1;1;3;395.0;VINGTIEME CORPS (AVENUE;;;;540
200500034195;5;6;1;1100;1;2;1;1;6;528.0;DOCTEUR CHAPUIS;;;;540
200500034212;5;6;28;855;1;2;1;1;6;29.0;11, LIBERATION ( AVENUE;;;;550
200500034223;5;6;3;1704;1;2;1;1;2;121.0;08, LE COUTALLER ( RUE J;;;;560
200500034229;5;6;7;1925;1;2;1;1;3;121.0;39, VERDUN (RUE  DE );;;;560
200500034230;5;6;14;1401;1;2;1;1;3;121.0;00, SAINT CHRISTOPHE (RO;;;;560
200500034231;5;6;10;1730;1;2;2;1;3;121.0;00, ASSEMBLEE-NATIONALE;;;;560
200500034235;5;6;12;940;1;2;4;1;3;83.0;00, LIBERATION ( AV. DE;;;;560
200500034241;5;6;18;2000;1;2;1;1;1;107.0;DE GAULLE (GENERAL);;;;560
200500034254;5;6;2;1645;1;2;1;1;6;260.0;., LUMIERE(RUE DES FRERE;;;;560
200500034255;5;6;19;1145;1;2;6;1;3;260.0;BERTHELOT(RUE MARCELIN);;;;560
200500034267;5;6;17;1730;1;2;1;7;3;537.0;111, PRINCIPALE (RUE);;;;570
200500034274;5;6;1;1815;1;2;1;1;6;487.0;00, PETIT SAULCY (RUE DU;;;;570
200500034288;5;6;19;1640;1;1;1;1;2;487.0;00, JOUY (ROUTE DE );;;;570
200500034294;5;6;25;1110;1;2;1;1;3;463.0;00, ROBERT SEROT (BOULEV;;;;570
200500034299;5;6;2;1105;1;2;2;1;6;757.0;36, NATIONALE (RUE);;;;570
200500034306;5;6;9;725;1;2;1;1;3;672.0;36, PYRAMIDES (RUE DES);;;;570
200500034311;5;6;17;1910;1;2;2;1;6;306.0;43, FARGES (RUE YVES);;;;570
200500034328;5;6;22;1405;1;2;1;1;7;194.0;TREIZIEME DE LIGNE;;;;580
200500034338;5;6;6;1315;1;2;6;1;3;253.0;11 NOVEMBRE (PLACE DU );;;;590
200500034345;5;6;11;1125;1;1;1;1;2;588.0;88, COUDEKERQUE - ROUTE;;;;590
200500034349;5;6;14;1215;1;2;1;1;6;183.0;, BATELLERIE;;;;590
200500034353;5;6;18;2140;1;2;1;1;6;324.0;10, CAMP TURC VIEUX (CIT;;;;590
200500034357;5;6;2;1215;1;2;1;1;2;378.0;001, CLEMENCEAU BLVD (N°;;;;590
200500034359;5;6;2;1200;1;2;1;1;6;368.0;82, PASTEUR RUE;;;;590
200500034366;5;6;5;1110;1;2;2;1;3;350.0;125, MOLINEL RUE N°IMPAI;;;;590
200500034371;5;6;10;1710;1;2;1;1;6;378.0;EGALITE RUE DE L;;;;590
200500034384;5;6;18;1745;1;2;1;1;6;286.0;DAME RUE DU GENERAL;;;;590
200500034396;5;6;23;1620;1;2;2;7;3;350.0;MOLINEL RUE DU;;;;590
200500034400;5;6;24;1840;1;2;3;1;6;350.0;00, BERGOT LOUIS RUE;;;;590
200500034405;5;6;25;1300;1;2;1;1;6;9.0;00, DE VALMY BOULEVARD;;;;590
200500034407;5;6;26;1710;1;2;1;1;6;378.0;1013, REPUBLIQUE AV DE L;;;;590
200500034416;5;6;30;740;1;2;3;1;3;9.0;MONS BOULEVARD DE;;;;590
200500034422;5;6;8;956;1;2;2;1;3;392.0;JEUMONT (BOULEVARD DE);;;;590
200500034427;5;6;16;1405;1;2;1;1;3;291.0;JULES CAMPAGNE (RUE);;;;590
200500034450;5;6;15;1730;1;2;1;1;6;512.0;1, GUESDE (RUE JULES);;;;590
200500034460;5;6;21;1150;1;2;1;1;6;163.0;1, REPUBLIQUE (PLACE DE;;;;590
200500034466;5;6;14;745;1;2;1;1;6;512.0;MOUVAUX (RUE DE);;;;590
200500034468;5;6;13;1710;1;2;1;1;3;526.0;323, RTE DE ROUBAIX;;;;590
200500034474;5;6;14;1845;1;2;2;1;3;599.0;MARNE (AVENUE DE LA);;;;590
200500034490;5;6;23;915;1;2;2;1;6;484.0;JAURES (AVENUE JEAN);;;;590
200500034492;5;6;30;715;1;1;1;1;6;544.0;RD 935 N;;;;590
200500034495;5;6;24;1600;1;2;2;1;3;14.0;DURRE (RUE HENRI);;;;590
200500034501;5;6;8;845;1;2;6;1;3;1.0;SAINFOINS (RUE DES);;;;610
200500034502;5;6;24;1140;1;2;6;1;3;1.0;17, GENERAL LECLERC (AVE;;;;610
200500034512;5;6;3;1040;1;2;1;1;1;277.0;07, ARRAS;;;;620
200500034517;5;6;24;1700;1;2;2;1;3;724.0;, FOCH (DU MARECHAL);;;;620
200500034533;5;6;10;1555;1;2;1;1;6;193.0;COURBET (RUE G.);;;;620
200500034539;5;6;29;550;1;2;2;1;6;193.0;SAINT EXUPERY (AVENUE. 3;;;;620
200500034545;5;6;17;201;3;2;1;1;2;907.0;sans, ZI (LES BOTIAUX);;;;620
200500034577;5;6;12;1350;1;2;4;1;3;40.0;, RN.43;;;;620
200500034580;5;6;19;1815;1;2;3;1;3;826.0;GENERAL DE GAULLE (AVENU;;;;620
200500034583;5;6;1;900;1;2;1;1;7;75.0;1, ASSAS (RUE D');;;;630
200500034584;5;6;1;1225;1;2;1;1;6;113.0;27, GROLIERE (RUE DE LA);;;;630
200500034608;5;6;14;1610;1;2;1;1;3;113.0;18bis, RICHEPIN (RUE JEA;;;;630
200500034610;5;6;16;1050;1;2;1;1;6;113.0;44, MICHELIN (AVENUE EDO;;;;630
200500034619;5;6;24;815;1;2;1;1;6;113.0;NIEL (RUE);;;;630
200500034640;5;6;6;1830;1;2;2;1;1;300.0;0, ZOLA EMILE (AVENUE);;;;630
200500034643;5;6;25;1340;1;1;2;1;3;245.0;ROCADE RD 446;;;;630
200500034658;5;6;25;1110;1;2;1;1;3;102.0;52, ALSACE LORRAINE (BOU;;;;640
200500034677;5;6;2;1028;1;2;3;1;3;445.0;39, ALSACE LORRAINE D';;;;640
200500034679;5;6;3;1915;2;2;1;2;1;445.0;25, BAYARD;;;;640
200500034706;5;6;24;1545;1;2;1;1;3;260.0;30, EMPEREUR (BOULEVARD;;;;640
200500034722;5;6;2;1530;1;2;3;1;3;433.0;., PYRENEES (AVENUE DES;;;;650
200500034738;5;6;17;940;1;1;2;1;3;433.0;R.D. 92;;;;650
200500034739;5;6;16;1200;1;2;1;1;3;440.0;7, JOLIOT CURIE (RUE);;;;650
200500034745;5;6;22;1210;1;2;2;1;3;440.0;28, FOURCADE (RUE ANDRE);;;;650
200500034746;5;6;22;1940;1;2;1;1;6;440.0;15, SENDERE (CHEMIN DE L;;;;650
200500034773;5;6;3;1605;1;2;1;1;1;482.0;LYON (BOULEVARD DE);;;;670
200500034776;5;6;4;1131;1;2;3;1;6;482.0;BELFORT (RUE DE);;;;670
200500034781;5;6;7;1420;1;2;2;1;3;482.0;0000, SCHIRMECK (ROUTE D;;;;670
200500034782;5;6;8;830;1;2;1;1;3;482.0;00, GEORGES WODLI (RUE);;;;670
200500034783;5;6;9;1400;1;2;3;1;3;482.0;SAINT PIERRE LE JEUNE (R;;;;670
200500034791;5;6;11;1615;1;2;1;1;3;482.0;46, LA FONTAINE (BOULEVA;;;;670
200500034797;5;6;15;1420;1;2;2;1;3;482.0;000, PREMIERE ARMEE (RUE;;;;670
200500034807;5;6;19;1145;1;1;1;1;5;482.0;00, TRAENHEIM (PISTE DE);;;;670
200500034808;5;6;20;1600;1;2;1;1;3;482.0;CANAL DE LA BRUCHE (QUAI;;;;670
200500034810;5;6;21;1330;1;2;2;1;3;482.0;0, PAIX (AVENUE DE LA);;;;670
200500034813;5;6;22;1835;1;2;1;1;6;482.0;00, HECHNER (RUE);;;;670
200500034820;5;6;26;1845;1;2;3;1;3;43.0;0, MARAIS (RUE DU);;;;670
200500034823;5;6;28;750;1;2;2;1;3;482.0;00, JEAN JAURES (AVENUE);;;;670
200500034826;5;6;28;1810;1;2;1;1;1;482.0;3, DOUBS (RUE DU);;;;670
200500034828;5;6;29;1125;1;2;3;1;3;482.0;00, POLYGONE (ROUTE DU);;;;670
200500034830;5;6;30;855;1;2;3;1;3;482.0;00, SCHIRMECK (ROUTE DE);;;;670
200500034838;5;6;17;1610;1;2;1;1;6;66.0;1, SCHUMANN (RUE);;;;680
200500034839;5;6;20;1312;1;2;6;1;3;66.0;LADHOF (RUE DU);;;;680
200500034841;5;6;22;735;1;2;2;1;3;66.0;LADHOF (RUE DU);;;;680
200500034846;5;6;3;1540;1;2;4;1;1;224.0;MITTERRAND (AVENUE FRANC;;;;680
200500034848;5;6;6;1205;1;2;1;1;6;224.0;3, PASTEUR (RUE LOUIS);;;;680
200500034857;5;6;22;1810;1;2;3;1;3;224.0;16, TUILERIE (RUE DE LA);;;;680
200500034861;5;6;23;1140;1;2;1;1;3;224.0;22, WOLF (RUE DU);;;;680
200500034864;5;6;8;1520;1;2;3;1;3;297.0;60, DE GAULLE ( AVE DU G;;;;680
200500034872;5;6;14;1930;1;2;1;2;6;256.0;1, MAURICE AUDIN;;;;690
200500034878;5;6;15;2015;1;2;2;1;3;259.0;0, MARCEL HOUEL;;;;690
200500034881;5;6;22;2100;2;2;1;1;6;259.0;0, GEORGES LYVET;;;;690
200500034883;5;6;26;940;1;2;6;1;6;264.0;RENAN ERNEST  R;;;;690
200500034887;5;6;9;1347;1;2;1;1;6;266.0;379, CRS E ZOLA;;;;690
200500034895;5;6;28;1800;1;2;2;3;3;282.0;POMMIER (DE);;;;690
200500034923;5;6;27;1830;1;2;1;1;1;270.0;220, BEAUJOLAIS (RUE DU);;;;710
200500034947;5;6;9;1616;1;2;1;1;6;181.0;INGRES (RUE);;;;720
200500034958;5;6;17;1630;1;2;1;1;3;3.0;COURBET GUSTAVE (RUE);;;;720
200500034976;5;6;29;1745;1;2;1;2;1;3.0;18, ILE DE FRANCE (HAM D;;;;720
200500034982;5;6;13;1535;1;2;1;1;6;8.0;DU LAC;;;;730
200500034997;5;6;22;1355;1;2;2;1;3;10.0;GUILLAUME FICHET;;;;740
200500035014;5;6;16;2015;2;2;1;1;3;119.0;0, PUBLIER (BOULEVARD DE;;;;740
200500035019;5;6;1;35;5;2;1;1;6;1.0;CRS NAPOLEON;;;;750
200500035021;5;6;1;2040;1;2;1;1;2;7.0;15 AV LA MOTTE PICQUET;;;;750
200500035024;5;6;3;1830;1;2;1;1;3;14.0;4 AV GENERAL LECLERC;;;;750
200500035046;5;6;1;958;1;2;4;1;7;7.0;BD SAINT GERMAIN R DE LI;;;;750
200500035057;5;6;1;1820;1;2;2;1;3;15.0;PL GEN MONCLAR R DE VOUI;;;;750
200500035067;5;6;5;517;5;2;3;1;3;10.0;BD DE MAGENTA R L JOUHA;;;;750
200500035108;5;6;3;945;1;2;1;1;3;16.0;L5804 AV MARECHAL FAYOLL;;;;750
200500035109;5;6;3;850;1;2;3;1;3;16.0;AV GRANDE ARMEE PL GENER;;;;750
200500035110;5;6;3;940;1;2;3;1;3;19.0;PL AUGUSTE BARON AV PTE;;;;750
200500035114;5;6;3;2200;2;2;2;1;3;19.0;R DU MAROC R PAUL LAUREN;;;;750
200500035137;5;6;5;1650;1;2;1;1;7;7.0;35 Q BRANLY;;;;750
200500035148;5;6;6;1735;1;2;3;1;3;9.0;R MAYRAN R LA FAYETTE;;;;750
200500035183;5;6;7;1038;1;2;2;1;2;3.0;R REAUMUR R SAINT MARTIN;;;;750
200500035184;5;6;7;1200;1;2;1;1;6;4.0;22 R DE RIVOLI;;;;750
200500035208;5;6;8;1220;1;2;1;1;3;11.0;2 R FAIDHERBE;;;;750
200500035215;5;6;8;1746;1;2;1;1;3;16.0;81 BD EXELMANS;;;;750
200500035226;5;6;9;815;1;2;1;1;6;6.0;9 Q MALAQUAIS;;;;750
200500035258;5;6;10;1000;1;2;2;1;3;15.0;R DE LA CONVENTION PL CH;;;;750
200500035275;5;6;11;2255;5;2;1;1;6;12.0;5 BD DE REUILLY;;;;750
200500035286;5;6;13;930;1;2;4;1;3;1.0;AV DE L OPERA R DE L ECH;;;;750
200500035302;5;6;13;1915;1;2;1;1;3;16.0;L11744 RTE DE SURESNES;;;;750
200500035308;5;6;14;1910;1;2;3;1;7;7.0;Q BRANLY AV LA BOURDONNA;;;;750
200500035315;5;6;14;1925;1;2;1;1;7;16.0;L14589 RTE SEVRES A NEUI;;;;750
200500035316;5;6;14;1300;1;2;1;1;3;16.0;80 R DE LA POMPE;;;;750
200500035323;5;6;15;1620;1;2;1;2;7;11.0;62 BD RICHARD LENOIR;;;;750
200500035349;5;6;17;1830;1;2;1;1;3;11.0;74 R JEAN PIERRE TIMBAUD;;;;750
200500035367;5;6;23;657;1;2;2;1;6;10.0;R LA FAYETTE R CHATEAU L;;;;750
200500035368;5;6;22;1705;1;2;1;1;2;10.0;6 BD DE STRASBOURG;;;;750
200500035375;5;6;23;1917;1;2;2;2;4;20.0;R LOUIS LUMIERE R LOUIS;;;;750
200500035376;5;6;23;1900;1;2;1;2;3;20.0;50 AV DU PROF ANDRE LEMI;;;;750
200500035381;5;6;24;1955;1;2;1;1;6;14.0;18 BD EDGARD QUINET;;;;750
200500035386;5;6;24;1915;1;2;1;1;6;1.0;224 R DE RIVOLI;;;;750
200500035407;5;6;9;1350;1;2;2;1;3;17.0;AV PORTE D ASNIERES BD;;;;750
200500035410;5;6;12;1530;1;2;1;1;3;20.0;110 BD DE MENILMONTANT;;;;750
200500035423;5;6;14;1145;1;2;1;1;3;10.0;16 R ALEXANDRE PARODI;;;;750
200500035428;5;6;16;2246;5;2;2;1;3;20.0;R DE LA PLAINE R DE BUZE;;;;750
200500035439;5;6;18;2030;1;2;3;1;3;1.0;R DE RIVOLI R DU LOUVRE;;;;750
200500035452;5;6;19;1015;1;2;2;1;3;15.0;R MADEMOISELLE R JOSEPH;;;;750
200500035459;5;6;20;1445;1;2;2;1;3;3.0;R DE TURBIGO R BORDA;;;;750
200500035463;5;6;20;1720;1;2;2;1;6;12.0;AV DAUSMESNIL RTE  DE LA;;;;750
200500035476;5;6;21;1815;1;2;1;1;6;10.0;6 R BOY ZELENSKI;;;;750
200500035479;5;6;21;1825;1;2;1;1;3;13.0;140 BD DE L HOPITAL;;;;750
200500035486;5;6;21;1945;1;2;1;1;7;16.0;L12911 RTE DES TRIBUNES;;;;750
200500035524;5;6;22;1840;1;2;4;1;3;20.0;R BELGRAND R DU CHER;;;;750
200500035533;5;6;17;1915;1;2;1;1;2;12.0;46 R FBG SAINT ANTOINE;;;;750
200500035543;5;6;23;1330;1;2;1;1;3;13.0;104 R DE TOLBIAC;;;;750
200500035550;5;6;24;1120;1;2;1;1;3;9.0;24 R FBG POISSONNIERE;;;;750
200500035560;5;6;25;1700;1;2;2;1;6;6.0;R DU FOUR R BONAPARTE;;;;750
200500035562;5;6;25;1610;1;2;2;1;3;8.0;R BALZAC R BEAUJON;;;;750
200500035581;5;6;26;1910;1;2;1;1;3;17.0;42 R JACQUES IBERT;;;;750
200500035595;5;6;27;1830;1;2;1;1;3;11.0;84 R DU CHEMIN VERT;;;;750
200500035598;5;6;27;1645;1;2;1;1;7;16.0;L 14590 RTE DE SEVRES A;;;;750
200500035599;5;6;27;1825;1;2;3;1;3;18.0;R PUGET R COUSTOU;;;;750
200500035600;5;6;27;2020;1;2;1;1;1;18.0;54 R PHILIPPE DE GIRARD;;;;750
200500035613;5;6;28;2040;1;2;1;2;3;11.0;18 R LEON FROT;;;;750
200500035617;5;6;28;830;1;2;3;1;1;12.0;BD DE BERCY R DE CHARENT;;;;750
200500035633;5;6;30;845;1;2;2;1;3;3.0;R DE TURBIGO R SAINT MAR;;;;750
200500035646;5;6;30;1410;1;2;1;8;3;13.0;100 R DE TOLBIAC;;;;750
200500035657;5;6;30;1015;1;2;1;1;3;18.0;14 R DE LA CHAPELLE;;;;750
200500035658;5;6;29;915;1;2;1;1;3;19.0;9 R CURIAL;;;;750
200500035672;5;6;30;1345;1;2;1;2;3;11.0;138 BD VOLTAIRE;;;;750