Num_Acc;an;mois;jour;hrmn;lum;agg;int;atm;col;com;adr;gps;lat;long;dep
200500035757;5;6;10;1245;1;2;2;1;3;447.0;MAXIME GORKI N°1 A 35;;;;760
200500035759;5;6;11;2355;5;1;1;1;2;447.0;LOUIS LUMIERE;;;;760
200500035772;5;6;2;1700;1;2;1;1;2;540.0;1, EUROPE. BOULEVARD DE;;;;760
200500035777;5;6;6;2105;1;2;1;1;3;322.0;1, RAVEL. BOULEVARD MAUR;;;;760
200500035790;5;6;16;1815;1;2;1;1;3;108.0;DARNETAL. ROUTE DE;;;;760
200500035801;5;6;27;2110;1;2;1;1;1;484.0;1, ANDERTEN. AVENUE D';;;;760
200500035823;5;6;27;2245;2;2;1;1;3;407.0;12, PATTON(RUE DU GENERA;;;;770
200500035833;5;6;2;2200;2;2;1;1;7;143.0;1, RN 330 (ROUTE NATIONA;;;;770
200500035836;5;6;6;1230;1;2;3;3;3;284.0;ROSE (BD.JEAN);;;;770
200500035860;5;6;27;1820;1;2;1;1;3;445.0;, ESPAGNE (AVENUE D');;;;770
200500035862;5;6;5;1845;1;2;2;1;6;294.0;ROGER SALLENGRO (RUE);;;;770
200500035895;5;6;1;2015;1;2;1;1;3;138.0;12, BEGUINAGE (PLACE DU);;;;780
200500035902;5;6;12;1125;1;2;1;1;7;382.0;RD 55;;;;780
200500035906;5;6;20;1130;1;2;1;1;7;172.0;0,00, MITTERRAND (PROMEN;;;;780
200500035907;5;6;23;900;1;2;6;1;3;15.0;RD 48;;;;780
200500035947;5;6;27;830;1;2;1;1;6;299.0;CHANTEREINE (RUE);;;;780
200500035956;5;6;22;1015;1;2;9;1;3;642.0;ROUILLARD CHEMIN DU;;;;780
200500035960;5;6;30;1050;1;2;1;2;6;672.0;DE VOISINS AVENUE DU PRE;;;;780
200500035989;5;6;21;1847;1;2;1;1;3;640.0;3-5, MORANE-SAULNIER (AV;;;;780
200500035993;5;6;2;1930;1;2;1;1;3;117.0;0, CHARLES QUATREMARE (A;;;;780
200500035999;5;6;12;930;1;2;1;1;6;646.0;70, CHANTIERS (RUE DES);;;;780
200500036006;5;6;26;1000;1;2;1;1;3;646.0;NEANT, RESERVOIRS (RUE D;;;;780
200500036027;5;6;8;1700;1;2;1;1;2;21.0;0, JEAN CATELAS (RUE);;;;800
200500036030;5;6;9;1615;1;2;1;1;3;21.0;209, CAGNY (RUE DE);;;;800
200500036032;5;6;13;1740;1;2;1;1;3;21.0;0, EDOUARD GAND (RUE);;;;800
200500036040;5;6;21;1400;1;2;4;1;3;21.0;0, FAIDHERBE (BOULEVARD);;;;800
200500036046;5;6;24;1555;1;2;2;1;3;21.0;0, HENRI BARBUSSE (RUE);;;;800
200500036112;5;6;1;735;1;2;1;1;3;137.0;133, BROSSET (BD GENERAL;;;;830
200500036114;5;6;1;1643;1;2;7;1;3;137.0;IGNORE, PERI  (PLACE GAB;;;;830
200500036135;5;6;30;1420;1;2;1;1;2;137.0;440, 15EME CORPS (AVE DU;;;;830
200500036149;5;6;8;1045;1;2;1;1;6;7.0;102, VERNET Joseph (Rue);;;;840
200500036169;5;6;15;900;1;2;1;1;1;35.0;00, BELLEVUE (CARREFOUR);;;;840
200500036170;5;6;17;1205;1;2;1;1;1;35.0;00, MONNET (RUE JEAN);;;;840
200500036194;5;6;1;1540;1;2;2;1;3;194.0;COURONNERIES (RUE DES);;;;860
200500036252;5;6;25;1455;1;2;1;1;7;85.0;60, VARLIN (RUE EUGENE);;;;870
200500036254;5;6;26;1348;1;2;1;1;3;85.0;13, DETAILLE (RUE);;;;870
200500036293;5;6;13;1530;1;2;6;1;3;10.0;ALTKIRCH (AVENUE);;;;900
200500036294;5;6;17;1830;1;2;1;1;6;10.0;3, MOULIN (AVENUE JEAN);;;;900
200500036312;5;6;29;1530;1;1;2;1;6;103.0;20, DIX NEUF MARS 1962 (;;;;910
200500036313;5;6;30;1330;1;2;1;1;1;103.0;, CORBEIL (ROUTE DE);;;;910
200500036339;5;6;3;1100;1;2;1;1;3;223.0;BAS CANAL (CHEMIN DU);;;;910
200500036341;5;6;20;1732;1;2;1;1;3;223.0;DE GAULLE (AVENUE CHARLE;;;;910
200500036350;5;6;14;1830;1;2;1;1;3;228.0;., VOIE TU;;;;910
200500036358;5;6;7;1545;1;2;1;1;6;434.0;37, BOIS POMMIER (AVENUE;;;;910
200500036362;5;6;17;1900;1;1;1;1;6;434.0;70, BRUYERES (AVENUE DES;;;;910
200500036367;5;6;9;1420;1;2;1;1;3;421.0;42, RAYMOND POMIER (RUE);;;;910
200500036384;5;6;8;1730;1;2;1;1;1;64.0;0, Piste cyclable;;;;910
200500036389;5;6;23;835;1;2;2;1;3;645.0;0, FOCH (BOULEVARD DU MA;;;;910
200500036395;5;6;23;1235;1;2;6;1;1;471.0;CD 128;;;;910
200500036396;5;6;24;1915;1;2;1;1;1;692.0;18-20, PROVENCE (AVENUE;;;;910
200500036426;5;6;22;1215;1;2;2;1;6;4.0;ARGENTEUIL AV D';;;;920
200500036428;5;6;29;1750;1;2;9;1;6;4.0;PIERRE BROSSOLETTE;;;;920
200500036429;5;6;30;1705;1;2;3;1;6;4.0;49, BOURGUIGNONS (RUE 2;;;;920
200500036433;5;6;21;1945;1;2;6;1;3;7.0;VAILLANT-COUTURIER (AVEN;;;;920
200500036444;5;6;13;2135;2;2;1;1;6;12.0;61, ANDRE MORIZET (AVENU;;;;920
200500036480;5;6;24;1130;1;2;1;1;2;24.0;21, MARTRE (RUE) DE (1 A;;;;920
200500036487;5;6;15;1345;1;2;3;2;6;25.0;VALMY (BD DE);;;;920
200500036513;5;6;27;755;1;2;1;1;3;36.0;0, GENERAL DE GAULLE (AV;;;;920
200500036527;5;6;14;1240;1;2;7;1;3;44.0;1, GENERAL LECLERC(PLACE;;;;920
200500036528;5;6;14;1825;1;2;2;1;1;44.0;1, KLEBER (RUE);;;;920
200500036540;5;6;6;1720;1;2;6;9;3;20.0;26, DIVISION LECLERC AVE;;;;920
200500036546;5;6;22;840;1;2;2;9;3;49.0;131, BROSSOLETTE AVENUE;;;;920
200500036577;5;6;15;1900;1;2;1;1;3;63.0;1, BOIS PREAU (AVENUE DE;;;;920
200500036588;5;6;3;910;1;2;1;1;3;72.0;186, GRANDE RUE;;;;920
200500036604;5;6;14;1000;1;2;4;1;7;73.0;1, ROSES (CHEMIN DES);;;;920
200500036630;5;6;26;1930;1;2;3;1;3;5.0;néant, PRES DE LA GARENN;;;;930
200500036671;5;6;8;110;5;2;1;1;2;6.0;86, GAMBETTA AV.;;;;930
200500036681;5;6;7;1740;1;2;1;1;3;46.0;14, ALBERT CAMUS AVENUE;;;;930
200500036705;5;6;12;1130;1;2;1;1;2;49.0;13, GALLIENI (BOULEVARD);;;;930
200500036709;5;6;1;1400;1;2;3;1;3;51.0;12, MICHEL GOUTIER (NR P;;;;930
200500036811;5;6;11;2045;1;2;1;1;5;73.0;261, VAILLANT (BOULEVARD;;;;930
200500036839;5;6;2;800;1;2;1;1;3;17.0;119, GENERAL DE GAULLE (;;;;940
200500036860;5;6;9;1615;1;2;1;1;2;18.0;PONT NELSON MENDELA;;;;940
200500036864;5;6;14;1725;1;2;2;1;1;53.0;00, LEON BRESSET (R);;;;940
200500036884;5;6;10;740;1;2;1;1;2;28.0;0, BROSSOLETTE(AVENUE PI;;;;940
200500036889;5;6;17;1800;1;2;1;1;2;28.0;0, CHERET(RUE ET IMPASSE;;;;940
200500036890;5;6;19;1050;1;2;1;1;3;28.0;1, BILLOTTE.(AVE DU GAL;;;;940
200500036938;5;6;18;1640;1;2;1;1;3;42.0;BARRAGE (QU DU);;;;940
200500036948;5;6;13;1353;1;2;1;1;3;68.0;CONDE (AV DE);;;;940
200500036950;5;6;19;1055;1;2;1;1;6;68.0;66, MARNE (BD DE LA);;;;940
200500036952;5;6;22;1500;1;2;2;1;6;74.0;1, RU DE GIRONDE (AV DU);;;;940
200500036968;5;6;11;30;5;2;2;1;3;81.0;PRESIDENT SALVADOR ALLEN;;;;940
200500036969;5;6;13;805;1;2;3;1;6;81.0;PRESIDENT SALVADOR ALLEN;;;;940
200500036978;5;6;2;1134;1;2;1;1;6;582.0;8, CLOS FLEURI (ALLEE DU;;;;950
200500036980;5;6;5;1305;1;1;1;1;6;18.0;52, GALLIENI (BOULEVARD);;;;950
200500037001;5;6;30;740;1;2;6;1;3;18.0;BELIN (RUE AG);;;;950
200500037035;5;6;18;1550;1;2;6;1;2;219.0;ROBERT BICHET (PLACE);;;;950
200500037046;5;6;26;2125;1;2;1;1;6;280.0;10, MADELEINE;;;;950
200500037051;5;6;19;1255;1;2;3;1;6;306.0;0, CHESNAIE (AVENUE DE L;;;;950
200500037055;5;6;29;1645;1;2;1;1;2;306.0;0, 8 MAI 1945 (BOULEVARD;;;;950
200500037074;5;6;15;1821;1;2;6;1;2;4.0;SANS, SOCORDIS ROND POIN;;;;201
200500037414;5;6;8;850;1;2;1;1;3;386.0;DUQUESNE;;;;690
200500037416;5;6;9;1730;1;2;1;1;3;383.0;MONCEY;;;;690
200500037419;5;6;13;1140;1;2;2;1;3;386.0;VITTON;;;;690
200500037434;5;6;28;830;1;2;1;1;1;383.0;ALBERT THOMAS;;;;690
200500037461;5;6;25;420;2;2;2;1;3;385.0;01, CHOULANS (DE);;;;690
200500037475;5;6;8;830;1;2;1;1;3;387.0;235, JEAN JAURES;;;;690
200500037581;5;6;16;1515;1;2;1;1;3;11.0;RUE SALENGRO;M;5053500.0;293900.0;590
200500037590;5;6;21;1900;1;2;1;1;1;553.0;119 rue Foch;M;0.0;0.0;590
200500037593;5;6;6;1800;1;2;1;1;1;266.0;RUE LEON GAMBETTA;M;0.0;0.0;590
200500037594;5;6;10;1515;1;2;1;1;1;266.0;rue nationnale;M;0.0;0.0;590
200500037602;5;6;17;1630;1;1;1;1;5;338.0;;M;5087000.0;242000.0;590
200500037619;5;6;26;915;1;1;1;1;1;222.0;;M;0.0;0.0;590
200500037657;5;6;2;1915;1;1;1;1;1;24.0;;M;0.0;0.0;800
200500037688;5;6;1;1530;1;2;1;1;1;238.0;rue de la libération;M;4998400.0;262300.0;800
200500037732;5;6;27;1645;1;2;1;1;3;143.0;rue Pierre BUDIN;M;0.0;0.0;600
200500037747;5;6;2;2030;1;2;1;1;3;368.0;avenue de la libeartion;M;0.0;0.0;600
200500037766;5;6;14;1800;1;2;1;1;3;346.0;ALLEE DES SPORTS;M;4915800.0;244800.0;600
200500037790;5;6;11;1445;1;1;1;1;2;436.0;;M;4945000.0;85000.0;760
200500037794;5;6;12;1145;1;1;4;1;3;750.0;;M;4946300.0;83100.0;760
200500037798;5;6;30;1000;1;1;6;2;3;741.0;;M;4966200.0;24500.0;760
200500037800;5;6;11;1700;1;1;1;1;5;477.0;;M;0.0;0.0;760
200500037812;5;6;24;1130;1;2;1;1;1;57.0;RUE PIERRE MARIE CURRIE;M;4955000.0;96000.0;760
200500037818;5;6;1;1630;1;2;1;1;2;118.0;15 RUE ST FIACRE;M;0.0;0.0;270
200500037825;5;6;29;1930;1;1;2;1;3;423.0;;M;4878600.0;131300.0;270
200500037846;5;6;13;1715;1;1;1;1;3;22.0;;M;0.0;0.0;270
200500037856;5;6;24;1645;1;2;1;2;3;485.0;CD 87;M;0.0;0.0;270
200500037857;5;6;29;2030;1;2;1;1;1;65.0;ru du calvaire;M;0.0;0.0;270
200500037877;5;6;7;1815;1;1;3;1;3;122.0;;M;4861300.0;-190000.0;350
200500037883;5;6;20;1015;1;1;1;1;1;246.0;;M;4853900.0;-180700.0;350
200500037896;5;6;18;1030;1;1;1;1;1;237.0;;M;4853000.0;-225900.0;220
200500037917;5;6;3;1845;1;1;1;1;1;30.0;;M;4864200.0;-413100.0;290
200500037953;5;6;20;1345;1;2;6;1;3;92.0;CD 89;M;4912600.0;-29600.0;140
200500037962;5;6;7;1530;1;2;1;1;3;47.0;RUE DE LUBBEKE;M;0.0;0.0;140
200500037967;5;6;29;1415;1;1;2;1;3;386.0;;M;0.0;0.0;140
200500038014;5;6;26;1130;1;1;1;3;5;507.0;;M;0.0;0.0;610
200500038039;5;6;1;2015;1;1;1;1;3;138.0;;M;4753300.0;-163600.0;440
200500038053;5;6;13;2345;3;1;1;1;1;10.0;;M;0.0;0.0;440
200500038060;5;6;7;830;1;1;1;1;3;217.0;;M;0.0;0.0;440
200500038062;5;6;21;1900;1;2;3;1;3;194.0;Rue de Nantes;M;0.0;0.0;440
200500038076;5;6;12;1245;1;2;1;1;1;244.0;rue d'Anjou;M;4736000.0;-85700.0;490
200500038079;5;6;4;1900;1;2;1;1;2;92.0;135 rue nationale;M;4722400.0;-72700.0;490
200500038093;5;6;11;1830;1;2;1;1;6;336.0;EPINET;M;4703800.0;-61000.0;490
200500038105;5;6;8;1145;1;1;1;1;5;65.0;;M;4815100.0;-41500.0;530
200500038128;5;6;24;1815;1;2;1;1;1;289.0;Rue Chappée;M;0.0;0.0;720
200500038159;5;6;23;1630;1;2;1;1;3;276.0;Rue Nationale;M;4674200.0;-108300.0;850
200500038168;5;6;4;1700;1;2;7;1;7;78.0;PLACE DU PORT;M;4631000.0;-73000.0;850
200500038170;5;6;10;1715;1;1;2;1;2;31.0;;M;4677300.0;-93000.0;850
200500038172;5;6;1;800;1;2;1;1;3;163.0;rue joseph pineau 85330;M;0.0;0.0;850
200500038193;5;6;16;1815;1;2;1;1;1;327.0;;M;4465500.0;-35800.0;330
200500038199;5;6;18;1030;1;1;1;1;1;289.0;;M;4464900.0;8400.0;330
200500038220;5;6;27;2330;3;1;1;1;7;437.0;;M;4484700.0;-8200.0;330
200500038221;5;6;28;1015;1;1;1;1;6;108.0;;M;0.0;0.0;330
200500038279;5;6;20;1115;1;1;1;1;1;15.0;;M;0.0;0.0;470
200500038280;5;6;23;1115;1;1;1;1;6;238.0;;M;0.0;0.0;470
200500038347;5;6;4;1045;1;1;1;1;2;368.0;;M;0.0;0.0;160
200500038350;5;6;5;1130;1;1;1;1;3;396.0;;M;4620700.0;-87200.0;170
200500038381;5;6;16;2100;2;2;1;1;6;13.0;;M;4698900.0;-44900.0;790
200500038405;5;6;17;1700;1;1;1;1;3;73.0;;M;0.0;0.0;190
200500038409;5;6;2;1645;1;1;2;1;2;202.0;;M;4522700.0;158600.0;190
200500038434;5;6;29;1015;1;2;1;1;3;433.0;avenue des Palanques;M;4353700.0;140200.0;310
200500038456;5;6;21;1600;1;1;1;1;3;582.0;;M;4340100.0;170600.0;310
200500038473;5;6;29;715;1;2;1;1;1;40.0;ROUTE DE ST AMADOU;M;0.0;0.0;90
200500038477;5;6;25;1045;1;1;1;1;7;181.0;;M;0.0;0.0;90
200500038478;5;6;10;1300;1;1;1;1;1;161.0;;M;4300400.0;194700.0;90
200500038490;5;6;21;1045;1;1;1;1;1;82.0;;M;0.0;0.0;120
200500038500;5;6;23;945;1;1;1;1;3;21.0;;M;4433900.0;210500.0;120
200500038521;5;6;2;1945;1;2;1;1;1;132.0;26 av du Dct Laurentie;M;4385000.0;65000.0;320
200500038546;5;6;16;1030;1;1;1;1;6;256.0;;M;0.0;0.0;650
200500038562;5;6;28;1400;1;2;1;7;1;205.0;19bis rue des Mourrons;M;0.0;0.0;690
200500038643;5;6;16;1800;2;2;7;7;1;320.0;rue de la Tour;M;0.0;0.0;10
200500038671;5;6;28;1045;1;1;1;1;3;354.0;;M;0.0;0.0;10
200500038683;5;6;16;2015;1;1;1;1;7;351.0;;M;0.0;0.0;10
200500038687;5;6;4;915;1;1;1;1;6;346.0;;M;0.0;0.0;70
200500038688;5;6;4;2330;3;1;1;1;1;346.0;;M;4447700.0;468800.0;70
200500038704;5;6;1;1700;1;2;1;1;1;86.0;quartier cremollieres;M;0.0;0.0;70
200500038728;5;6;30;1930;1;2;1;1;1;139.0;Montée St Christophe;M;0.0;0.0;260
200500038743;5;6;13;1500;1;2;1;1;6;518.0;LE VILLAGE;M;4490300.0;590300.0;380
200500038755;5;6;5;1815;1;2;3;1;1;218.0;CD 519;M;4534300.0;518300.0;380
200500038756;5;6;2;1900;1;1;1;1;1;523.0;;M;4522400.0;534700.0;380
200500038765;5;6;12;1915;1;2;1;1;1;12.0;route de BELLEY;M;4559200.0;561100.0;380
200500038785;5;6;5;1230;1;1;6;1;1;97.0;;M;4577000.0;519700.0;380
200500038793;5;6;22;1845;1;1;1;1;6;87.0;;M;4560700.0;406200.0;420
200500038794;5;6;28;900;1;1;1;1;1;290.0;;M;0.0;0.0;420
200500038800;5;6;1;1715;1;2;1;1;6;43.0;rue charles de gaulle;M;0.0;0.0;420
200500038802;5;6;17;1700;1;1;1;1;1;222.0;;M;0.0;0.0;420
200500038803;5;6;24;1210;1;2;2;1;3;59.0;rue de Chevrières;M;0.0;0.0;420
200500038805;5;6;15;845;1;1;1;1;1;64.0;;M;4546300.0;468800.0;420
200500038816;5;6;28;915;1;1;1;1;2;4.0;;M;4559700.0;605900.0;730
200500038835;5;6;21;2210;5;2;1;1;3;267.0;;M;0.0;0.0;740
200500038849;5;6;21;1900;1;2;1;1;1;229.0;Rue de Terret;M;0.0;0.0;740
200500038866;5;6;22;1730;1;1;1;1;1;150.0;;M;4630000.0;631700.0;740
200500038878;5;6;4;1600;1;1;1;1;1;273.0;;M;0.0;0.0;630
200500038882;5;6;29;1045;1;1;2;2;3;200.0;;M;0.0;0.0;630
200500038906;5;6;28;1615;1;1;2;1;1;195.0;;M;4585900.0;339300.0;630
200500038965;5;6;20;1930;1;2;1;1;1;352.0;rue de la taye;M;0.0;0.0;570
200500038968;5;6;26;1045;1;1;1;1;3;211.0;;M;4918400.0;607100.0;570
200500038978;5;6;26;1230;1;1;1;1;3;460.0;;M;4925400.0;666900.0;570
200500038992;5;6;16;1715;1;1;1;1;3;370.0;;M;0.0;0.0;570
200500038994;5;6;21;1645;1;1;1;1;1;426.0;;M;0.0;0.0;570
200500039006;5;6;14;2200;5;2;1;1;1;430.0;;M;0.0;0.0;540
200500039060;5;6;27;1815;1;2;1;1;3;355.0;Rue Coindreau;M;4835000.0;634400.0;880
200500039065;5;6;28;900;1;2;1;1;1;389.0;RUE D'ABONCOURT;M;0.0;0.0;880
200500039102;5;6;16;1030;1;2;1;1;3;302.0;Allée de la Rondelle;M;4876200.0;739500.0;670
200500039124;5;6;6;740;1;1;1;1;3;281.0;CD468;M;0.0;0.0;670
200500039126;5;6;12;1430;1;1;1;1;1;351.0;;M;0.0;0.0;670
200500039131;5;6;8;1330;1;1;1;1;1;353.0;;M;4904700.0;771400.0;670
200500039139;5;6;19;1030;1;1;2;1;1;296.0;;M;4823000.0;738800.0;680
200500039142;5;6;8;1445;1;2;1;1;1;315.0;route de Guebwiller;M;4790200.0;722200.0;680
200500039145;5;6;18;1600;1;2;1;1;1;154.0;rue de ruelisheim;M;0.0;0.0;680
200500039202;5;6;13;800;1;1;1;1;3;524.0;;M;0.0;0.0;520
200500039218;5;6;10;2200;2;2;1;1;2;250.0;avenue de Lorraine;M;4844700.0;513900.0;520
200500039227;5;6;22;830;1;2;1;1;3;38.0;Route de CHEVIGNY;M;4719800.0;539500.0;210
200500039231;5;6;23;1730;1;1;1;1;2;532.0;;M;4724000.0;517100.0;210
200500039260;5;6;25;1200;1;1;1;1;1;141.0;;M;4711600.0;399500.0;580
200500039267;5;6;2;2130;2;2;1;1;2;90.0;Lotissement Les Nuguets;M;4622900.0;478700.0;710
200500039292;5;6;8;1615;1;1;1;1;5;480.0;;M;4692300.0;460700.0;710
200500039297;5;6;16;1900;1;2;1;1;7;64.0;Le Bourg;M;0.0;0.0;710
200500039301;5;6;22;1145;1;2;1;1;6;83.0;13 GRANDE RUE;M;0.0;0.0;890
200500039304;5;6;2;1345;1;1;1;1;2;81.0;;M;4783100.0;378700.0;890
200500039314;5;6;11;1915;1;2;1;1;1;399.0;Rue Jean Cousin;M;4825500.0;332500.0;890
200500039349;5;6;27;1330;1;2;1;1;2;453.0;7 RUE DU CRAYE;M;4722100.0;654200.0;250
200500039381;5;6;16;1830;1;1;1;1;1;65.0;;M;0.0;0.0;900
200500039391;5;6;1;1930;1;1;1;1;1;19.0;;M;4344500.0;536200.0;130
200500039402;5;6;24;1615;1;1;1;1;3;27.0;;M;4389600.0;483200.0;130
200500039410;5;6;17;745;2;2;1;1;2;119.0;;M;4326400.0;557300.0;130
200500039442;5;6;7;1645;1;1;3;1;2;162.0;;M;4443000.0;602000.0;50
200500039447;5;6;7;1345;1;1;1;1;1;109.0;;M;4489600.0;662000.0;50
200500039454;5;6;24;930;1;1;1;1;1;43.0;;M;0.0;0.0;60
200500039455;5;6;12;845;1;1;1;1;6;6.0;;M;0.0;0.0;60
200500039461;5;6;13;1615;1;2;6;1;1;79.0;ROND POINT DES TOURRADES;M;0.0;0.0;60
200500039466;5;6;19;950;1;2;1;1;1;122.0;CD 2210, PK 9;M;0.0;0.0;60
200500039494;5;6;12;1400;1;1;1;1;3;116.0;;M;4343400.0;585400.0;830
200500039545;5;6;24;800;1;1;1;1;2;142.0;;M;4395700.0;504500.0;840
200500039549;5;6;15;2100;2;2;1;1;1;137.0;avenue jean le poulain;M;4425600.0;506100.0;840
200500039556;5;6;15;1815;1;2;1;1;1;58.0;14 rue de la Taillade;M;4368600.0;397800.0;340
200500039578;5;6;11;1515;1;2;1;1;6;324.0;27 AV ST SAENS;M;4324900.0;329200.0;340
200500039599;5;6;19;1610;1;1;1;1;1;5.0;route de Cailhau;M;0.0;0.0;110
200500039606;5;6;18;930;2;1;1;1;2;262.0;;M;0.0;0.0;110
200500039612;5;6;18;1100;1;2;6;1;3;133.0;Rond point du fanal;M;0.0;0.0;300
200500039617;5;6;13;1600;1;1;1;1;5;82.0;;M;0.0;0.0;300
200500039623;5;6;25;1930;1;2;1;7;3;341.0;RUE DE LA GARENNE;M;0.0;0.0;300
200500039637;5;6;19;1100;1;2;1;1;6;271.0;RUE DE LA MAIRIE;M;0.0;0.0;300
200500039664;5;6;16;1300;1;2;3;1;3;21.0;carrefour D 12/D31;M;0.0;0.0;660
200500039673;5;6;13;1130;1;1;1;1;2;8.0;;M;0.0;0.0;660
200500039683;5;6;14;745;1;2;3;1;5;88.0;AV PASTEUR ET RUE JAURES;M;4267000.0;262000.0;660
200500039685;5;6;16;900;1;1;1;1;1;17.0;;M;4202100.0;873200.0;201
200500039720;5;6;1;1800;1;2;3;1;1;321.0;;M;4880500.0;190500.0;780
200500039721;5;6;3;1515;1;2;2;1;1;62.0;rue de St Germain;M;4885200.0;188100.0;780
200500039733;5;6;19;1845;1;1;1;7;6;315.0;;M;0.0;0.0;910
200500039759;5;6;10;1830;1;2;1;1;3;351.0;avenue de la gare;M;4905200.0;249700.0;950
200500039800;5;6;28;100;5;2;1;1;2;269.0;RN 152;M;4786800.0;176500.0;450
200500039805;5;6;13;1215;1;1;1;1;2;254.0;;M;0.0;0.0;450
200500039844;5;6;18;700;1;2;1;7;1;88.0;RUE HELENE BOUCHER;M;4808400.0;134400.0;280
200500039863;5;6;1;1345;1;2;3;1;3;18.0;;M;4664300.0;105800.0;360
200500039871;5;6;19;2000;1;2;1;1;1;21.0;rue des ecoles;M;0.0;0.0;360
200500039878;5;6;8;1745;1;1;1;1;1;72.0;;M;4716400.0;39700.0;370
200500039916;5;6;3;1130;1;1;1;1;3;199.0;;M;4460800.0;-110300.0;330
200500039921;5;6;14;1430;1;1;1;1;7;65.0;;M;0.0;0.0;330
200500039936;5;6;15;1500;1;1;1;1;2;202.0;;M;4358500.0;377200.0;340
200500039980;5;6;10;1700;1;2;3;1;3;584.0;24 rue salvador allende;M;0.0;0.0;600
200500040081;5;6;10;1815;1;1;1;1;3;90.0;;M;0.0;0.0;201
200500040083;5;6;17;830;1;2;7;1;3;471.0;PLACE DE L EGLISE;M;4526400.0;577700.0;380
200500040247;5;3;23;1600;1;2;3;1;3;9.0;82, DEGANNE (BD) DU 37 E;;;;330
200500040260;5;3;20;1130;1;2;1;1;3;563.0;00, CURIE (RUE M.);;;;380
200500040305;5;4;28;1110;1;2;6;1;3;13.0;CARR LINDBERGH;;;;930
200500040333;5;5;26;1930;1;2;1;1;3;66.0;10, PORT;;;;930
200500040369;5;5;18;1335;1;2;1;1;4;37.0;162, GABRIEL PERI (R);;;;940
200500040370;5;5;20;1640;1;2;2;1;6;16.0;1, MARX DORMOY (R);;;;940
200500040377;5;5;2;1730;1;2;1;1;3;16.0;, ARISTIDE BRIAND (AV);;;;940
200500040383;5;6;7;2030;1;2;1;1;6;37.0;41, PAUL VAILLANT COUTUR;;;;940
200500040399;5;4;4;955;1;2;2;1;1;67.0;23, GENERAL DE GAULLE (A;;;;940
200500040416;5;6;13;1200;1;2;2;1;1;80.0;135, FRANCE (R DE);;;;940
200500040578;5;7;17;1945;1;1;1;1;1;62.0;;M;0.0;0.0;800
200500040590;5;7;15;2015;1;2;2;1;3;649.0;;M;0.0;0.0;800
200500040605;5;7;20;2030;1;1;3;1;1;141.0;;M;0.0;0.0;800
200500040612;5;7;31;1215;1;2;1;1;1;693.0;RUE DE MOREUIL;M;0.0;0.0;800
200500040614;5;7;15;1540;1;2;1;1;1;621.0;31 grande rue;M;0.0;0.0;20
200500040634;5;7;13;1015;1;1;1;1;1;756.0;RN 44 - PK28+400;M;4976900.0;333700.0;20
200500040641;5;7;17;1030;1;1;1;1;1;558.0;;M;5002100.0;378500.0;20
200500040660;5;7;22;1500;1;1;1;1;2;39.0;;M;4963300.0;238000.0;600
200500040677;5;7;10;1415;1;2;1;1;7;430.0;CD 335;M;4930300.0;292100.0;600
200500040691;5;7;19;1815;1;1;1;1;1;625.0;;M;4952200.0;74500.0;760
200500040743;5;7;29;1315;1;2;2;1;1;425.0;RIVIERE THIBOUVILLE;M;0.0;0.0;270
200500040746;5;7;31;830;3;1;1;8;2;519.0;;M;4916900.0;132000.0;270
200500040771;5;7;17;1030;1;1;1;1;2;19.0;;M;0.0;0.0;350
200500040791;5;7;24;1200;1;1;1;1;1;242.0;;M;0.0;0.0;220
200500040792;5;7;9;1220;1;1;1;1;4;339.0;Dombriand;M;0.0;0.0;220
200500040803;5;7;17;1930;1;2;1;7;6;67.0;rue de l'église;M;4856000.0;-318400.0;220
200500040809;5;7;8;1945;1;2;1;1;1;226.0;19 rue de lieue du grève;M;4868300.0;-352600.0;220
200500040817;5;7;28;1230;1;1;1;1;1;57.0;;M;4792300.0;-396300.0;290
200500040918;5;7;25;1800;1;2;1;1;3;82.0;;M;4947900.0;-162400.0;500
200500040939;5;7;1;1830;1;1;2;2;1;644.0;;M;4859500.0;-115600.0;500
200500040958;5;7;4;1445;1;2;1;1;1;465.0;Le Bourg;M;0.0;0.0;610
200500040960;5;7;27;1515;1;1;1;1;3;287.0;;M;4880200.0;-55300.0;610