Num_Acc;an;mois;jour;hrmn;lum;agg;int;atm;col;com;adr;gps;lat;long;dep
200500040983;5;7;25;1130;1;2;1;1;1;130.0;6 rue d'Herbauges;M;0.0;0.0;440
200500040987;5;7;14;1050;1;2;1;1;1;131.0;19 rue Yves Ponceau;M;0.0;0.0;440
200500041000;5;7;22;1815;1;1;1;1;1;69.0;;M;0.0;0.0;440
200500041012;5;7;6;1;3;1;1;1;3;289.0;;M;4746300.0;-65500.0;490
200500041013;5;7;10;1030;1;1;1;1;5;28.0;;M;4738100.0;-64900.0;490
200500041023;5;7;14;1715;1;2;1;1;6;190.0;;M;0.0;0.0;490
200500041028;5;7;12;1130;1;2;1;1;5;18.0;Rue de la Chopininère;M;0.0;0.0;490
200500041040;5;7;7;1100;1;2;1;1;3;362.0;Boulevard Saint Vincent;M;4722700.0;-6100.0;490
200500041059;5;7;20;2145;1;1;2;1;1;199.0;;M;4845600.0;-83100.0;530
200500041072;5;7;23;1030;1;1;1;1;3;249.0;;M;4806600.0;3300.0;720
200500041102;5;7;25;2000;1;2;1;1;6;128.0;RUE DE LATTRE DE TASSIGN;M;4646000.0;-116000.0;850
200500041104;5;7;30;1745;1;2;1;1;1;111.0;2 RUE DES PONTS NEUFS;M;4633000.0;-94000.0;850
200500041117;5;7;14;115;5;2;1;1;1;222.0;route de l'aiguillon;M;0.0;0.0;850
200500041161;5;7;30;815;1;2;9;1;6;517.0;;M;4506000.0;-69800.0;330
200500041227;5;7;16;1015;1;1;2;1;1;284.0;;M;0.0;0.0;400
200500041228;5;7;20;1915;1;2;1;1;5;65.0;Avenue Montaigne;M;4364500.0;-142700.0;400
200500041229;5;7;14;2315;3;1;1;1;2;181.0;;M;4380200.0;-138800.0;400
200500041234;5;7;8;1845;1;1;1;1;1;46.0;;M;0.0;0.0;400
200500041268;5;7;2;1830;1;1;1;7;1;358.0;;M;4323100.0;-18900.0;640
200500041281;5;7;26;800;1;2;1;1;1;422.0;rue du coq;M;4319700.0;-60600.0;640
200500041296;5;7;22;1600;1;1;1;1;1;221.0;;M;0.0;0.0;860
200500041303;5;7;3;1715;1;1;1;1;1;70.0;;M;4658000.0;65000.0;860
200500041320;5;7;10;845;1;1;1;1;7;128.0;;M;0.0;0.0;160
200500041325;5;7;2;1715;1;1;1;1;1;55.0;;M;4562900.0;34000.0;160
200500041338;5;7;5;1930;1;1;1;1;1;372.0;lieu dit Maison Neuve;M;0.0;0.0;170
200500041358;5;7;27;1745;1;2;6;1;1;3.0;rue de l'angle;M;0.0;0.0;170
200500041362;5;7;19;1030;1;1;1;1;2;255.0;;M;0.0;0.0;170
200500041363;5;7;1;945;1;2;1;1;3;69.0;CD 135 et 136;M;0.0;0.0;170
200500041423;5;7;20;1700;1;2;3;1;3;1.0;CD 942;M;4609100.0;204800.0;230
200500041439;5;7;26;1030;1;1;1;1;3;291.0;;M;0.0;0.0;310
200500041454;5;7;8;1145;1;1;1;1;1;395.0;;M;4346100.0;126600.0;310
200500041460;5;7;3;1145;1;1;1;1;7;8.0;;M;4335400.0;82800.0;310
200500041464;5;7;3;1015;1;1;1;1;1;26.0;;M;0.0;0.0;310
200500041492;5;7;20;2045;2;1;1;1;1;154.0;;M;4385500.0;283800.0;120
200500041533;5;7;17;1830;1;1;1;1;1;388.0;Route du PLA D'ADET;M;4283500.0;31000.0;650
200500041539;5;7;19;1145;1;1;1;1;2;182.0;;M;4371600.0;235700.0;810
200500041558;5;7;1;815;1;2;2;1;3;75.0;Esplanade de l'Espilory;M;0.0;0.0;820
200500041565;5;7;27;745;1;1;4;1;3;101.0;;M;0.0;0.0;820
200500041569;5;7;26;1315;1;2;1;1;2;52.0;RN  113;M;0.0;0.0;820
200500041592;5;7;5;1800;1;2;4;1;1;5.0;centre ville;M;0.0;0.0;690
200500041601;5;7;9;1530;1;1;1;1;1;243.0;;M;0.0;0.0;690
200500041633;5;7;31;1620;1;1;1;1;3;89.0;a rue du stade et la rue;M;0.0;0.0;10
200500041637;5;7;21;1800;1;2;1;1;6;313.0;Rte du chateau;M;4626600.0;609700.0;10
200500041650;5;7;21;1930;1;1;1;1;1;93.0;;M;0.0;0.0;70
200500041662;5;7;14;1400;1;1;1;1;3;224.0;;M;4476500.0;415000.0;70
200500041668;5;7;18;1415;1;1;1;1;7;267.0;lieu dit le Clapas;M;0.0;0.0;70
200500041687;5;7;5;1145;1;1;1;1;7;304.0;;M;0.0;0.0;260
200500041730;5;7;5;1530;1;1;1;1;5;392.0;;M;4568200.0;529600.0;380
200500041760;5;7;7;830;1;1;1;1;2;329.0;;M;4532800.0;452400.0;420
200500041763;5;7;12;945;1;2;3;1;3;234.0;ROUTE DE LYON;M;4553500.0;437600.0;420
200500041770;5;7;1;930;1;2;1;1;1;59.0;RUE CLAUDE PROTIERE;M;4564000.0;438400.0;420
200500041774;5;7;19;1100;1;1;1;1;3;239.0;;M;0.0;0.0;420
200500041787;5;7;1;1600;1;1;1;1;3;225.0;;M;0.0;0.0;730
200500041790;5;7;3;1030;1;1;1;1;1;205.0;;M;4551100.0;625300.0;730
200500041802;5;7;18;1200;1;1;2;1;3;124.0;;M;4565400.0;635900.0;730
200500041807;5;7;17;1015;1;2;1;1;3;54.0;av du maréchal leclerc;M;0.0;0.0;730
200500041809;5;7;12;1015;1;1;1;1;7;253.0;;M;0.0;0.0;730
200500041812;5;7;17;1945;1;2;1;1;3;280.0;926 - lieu dit l'église;M;0.0;0.0;730
200500041828;5;7;2;1830;1;1;1;1;3;80.0;CHALET LA PASTORALE;M;0.0;0.0;740
200500041839;5;7;23;1515;1;1;6;1;1;256.0;;M;0.0;0.0;740
200500041841;5;7;12;915;1;1;1;1;2;273.0;;M;0.0;0.0;740
200500041843;5;7;23;1115;1;1;1;1;3;134.0;;M;0.0;0.0;740
200500041858;5;7;12;2030;2;1;1;1;1;63.0;;M;4626000.0;684000.0;740
200500041873;5;7;21;1815;1;1;1;1;3;3.0;;M;4552000.0;375000.0;630
200500041876;5;7;24;915;1;2;1;1;1;57.0;le bourg;M;0.0;0.0;630
200500041878;5;7;21;1115;1;1;1;1;7;230.0;;M;4556000.0;366000.0;630
200500041882;5;7;15;1030;1;1;1;1;1;190.0;;M;4553400.0;255700.0;630
200500041889;5;7;15;1745;1;1;1;1;4;186.0;"""Les bouchons""";M;0.0;0.0;630
200500041911;5;7;22;2015;1;2;1;1;3;220.0;Route des Tressots;M;4615000.0;314100.0;30
200500041960;5;7;13;915;1;1;1;1;2;43.0;RD.55 - PK 1+750;M;0.0;0.0;570
200500041964;5;7;16;1500;1;1;1;1;3;762.0;;M;0.0;0.0;570
200500041989;5;7;5;1430;1;1;1;1;1;295.0;;M;0.0;0.0;540
200500041993;5;7;1;1630;1;1;1;1;1;260.0;CHEMIN DE LA GOULOTTE;M;0.0;0.0;540
200500042021;5;7;26;1030;1;1;1;1;7;224.0;;M;0.0;0.0;880
200500042031;5;7;11;1000;1;1;9;1;1;75.0;;M;0.0;0.0;880
200500042035;5;7;24;915;1;2;1;8;1;115.0;Place des Parrainages;M;4817600.0;686600.0;880
200500042037;5;7;16;1100;1;1;1;2;1;196.0;;M;0.0;0.0;880
200500042044;5;7;19;730;1;2;1;1;3;137.0;;M;0.0;0.0;670
200500042057;5;7;13;1815;1;2;1;1;1;437.0;rue de l'orangerie;M;4874400.0;736900.0;670
200500042079;5;7;10;1330;1;2;1;1;3;44.0;Route des Bagenelles;M;4817900.0;711300.0;680
200500042090;5;7;31;1700;1;2;1;1;5;333.0;;M;0.0;0.0;680
200500042099;5;7;13;1000;1;2;1;1;7;116.0;rue principale D15;M;0.0;0.0;680
200500042100;5;7;15;1115;1;1;1;1;3;88.0;;M;4785100.0;727900.0;680
200500042101;5;7;28;2015;1;2;1;1;1;43.0;;M;4786400.0;726000.0;680
200500042103;5;7;12;800;1;1;1;1;1;154.0;;M;4777700.0;739000.0;680
200500042104;5;7;12;530;1;2;2;1;1;154.0;32 RUE DES VOSGES;M;4778500.0;734300.0;680
200500042135;5;7;29;1030;1;1;1;1;5;46.0;;M;0.0;0.0;510
200500042146;5;7;19;2200;2;1;1;1;3;352.0;;M;0.0;0.0;80
200500042149;5;7;17;1815;1;2;1;1;7;69.0;route des AUTELS.;M;4977700.0;423600.0;80
200500042151;5;7;9;1545;1;2;1;1;1;53.0;rue de la gare;M;4967700.0;498300.0;80
200500042165;5;7;22;1715;1;2;1;1;3;84.0;53 RUE DES SOURCES;M;4841000.0;417000.0;100
200500042179;5;7;18;1800;1;1;1;1;1;153.0;;M;0.0;0.0;100
200500042221;5;7;25;1845;1;2;2;1;3;24.0;rue des bons enfants;M;4745000.0;449600.0;210
200500042235;5;7;19;2000;1;1;1;1;1;86.0;;M;0.0;0.0;580
200500042295;5;7;1;1800;1;2;1;1;3;281.0;07 chemin du lavoir;M;0.0;0.0;890
200500042300;5;7;18;1;5;2;6;1;1;195.0;ROND POINT CD72;M;4816900.0;326700.0;890
200500042339;5;7;29;1345;1;2;1;1;3;251.0;;M;0.0;0.0;390
200500042343;5;7;22;2115;1;2;1;1;7;120.0;route de mont/monnet;M;4667900.0;591500.0;390
200500042369;5;7;3;1630;1;2;1;1;1;120.0;Grande rue;M;4770800.0;668500.0;700
200500042381;5;7;19;1815;1;2;1;1;6;22.0;rue du Lieutenant BIDAUX;M;4755800.0;684800.0;900
200500042404;5;7;3;615;1;1;1;7;3;97.0;;M;0.0;0.0;130
200500042448;5;7;30;930;1;1;1;1;5;48.0;;M;0.0;0.0;60
200500042461;5;7;20;1035;1;2;1;1;3;157.0;niveau de la ste PICARD;M;0.0;0.0;60
200500042487;5;7;15;815;1;1;1;1;1;116.0;;M;0.0;0.0;830
200500042534;5;7;29;1345;1;2;1;1;5;122.0;CD 950;M;0.0;0.0;840
200500042540;5;7;25;1200;1;1;1;1;1;17.0;CD 19 route de Malaucène;M;0.0;0.0;840
200500042544;5;7;16;915;1;2;1;1;1;78.0;CD44 -RN7;M;0.0;0.0;840
200500042585;5;7;10;1030;1;2;1;1;3;150.0;Avenue de belle bouche;M;4334200.0;353400.0;340
200500042592;5;7;14;1110;1;1;1;1;2;213.0;RN 113;M;0.0;0.0;340
200500042607;5;7;18;2015;1;2;1;1;1;336.0;Campsaurine;M;0.0;0.0;110
200500042621;5;7;4;1715;1;1;1;1;5;133.0;;M;0.0;0.0;300
200500042627;5;7;27;915;1;2;1;1;7;3.0;ROUTE DE NIMES;M;0.0;0.0;300
200500042686;5;7;13;1505;1;2;1;1;1;8.0;avenue moliere;M;0.0;0.0;660
200500042701;5;7;23;815;1;1;1;1;3;163.0;;M;4150100.0;895400.0;201
200500042702;5;7;8;1845;1;2;1;1;3;247.0;HAMEAU DE MURATELLO;M;0.0;0.0;201
200500042739;5;7;13;1415;1;1;1;1;5;653.0;;M;4881600.0;185100.0;780
200500042765;5;7;20;1815;1;1;1;1;1;94.0;QUEVAL-Départementale 10;M;0.0;0.0;950
200500042773;5;7;31;2000;1;2;1;1;7;2.0;HAMEAU DE BELLEVUE;M;0.0;0.0;770
200500042800;5;7;27;1500;1;1;1;1;2;93.0;;M;0.0;0.0;450
200500042801;5;7;1;1500;1;2;1;1;1;182.0;Rue Gérard de Fontenay;M;4769900.0;177300.0;450
200500042813;5;7;28;1600;1;2;1;2;3;271.0;07, rue des Martins;M;0.0;0.0;450
200500042866;5;7;1;1545;1;1;1;1;6;18.0;;M;0.0;0.0;360
200500042879;5;7;18;1115;1;2;1;1;1;224.0;Rue du commerce;M;4759100.0;77700.0;370
200500042894;5;7;18;950;1;1;1;1;3;108.0;Intersection RD764 - C4;M;0.0;0.0;370
200500042922;5;7;15;1900;1;2;2;1;1;293.0;garem ar louatez;M;0.0;0.0;290
200500042935;5;7;8;1305;1;1;1;1;2;203.0;Les petites maisons;M;4562400.0;143300.0;870
200500042979;5;7;14;1015;1;1;1;1;6;584.0;;M;0.0;0.0;600
200500042984;5;7;24;1045;1;1;1;2;1;686.0;;M;0.0;0.0;600
200500042998;5;7;7;805;1;2;1;1;6;278.0;rue du Gal de Gaulle;M;0.0;0.0;680
200500043027;5;7;24;1045;1;2;6;1;1;32.0;Quartier du Cros;M;4356700.0;535400.0;130
200500043128;5;7;26;1730;1;2;9;1;1;229.0;avenue du vercors;M;0.0;0.0;380
200500043132;5;7;4;1845;1;2;1;1;1;122.0;carrefour de  Réjouit;M;4474200.0;-65700.0;330
200500043173;5;7;18;1115;1;2;1;1;1;214.0;Route du Croizio;M;4750500.0;-283900.0;560
200500043183;5;7;2;930;1;1;1;1;2;337.0;;M;0.0;0.0;340
200500043190;5;7;31;415;3;1;1;1;2;159.0;;M;0.0;0.0;340
200500043200;5;7;18;730;1;2;1;1;3;309.0;rue LECLERC;M;4864500.0;770900.0;670
200500043275;5;7;4;1000;1;2;2;1;3;47.0;Rue de rodilhan;M;0.0;0.0;300
200500043297;5;7;9;1330;1;2;1;1;1;186.0;RUE DERRIERE LA VILLE;M;4734400.0;593800.0;250
200500043306;5;7;3;45;3;1;1;1;6;451.0;123, RIPPES CHILLEYS (CH;;;;10
200500043307;5;7;20;500;5;2;1;1;6;289.0;2464, LYON (AVE DE) JUSQ;;;;10
200500043357;5;7;2;1240;1;2;1;1;3;61.0;PROVENCE ( AVENUE DE );;;;50
200500043384;5;7;5;1020;1;2;1;1;6;27.0;25/27, BESSET AVENUE CYR;;;;60
200500043419;5;7;8;1828;1;2;1;1;3;30.0;121, JOURDAN (AVENUE MIC;;;;60
200500043444;5;7;22;1730;1;2;1;1;3;29.0;95, CROISETTE (BOULEVARD;;;;60
200500043448;5;7;25;2210;5;1;1;1;1;29.0;CROISETTE (BOULEVARD DE;;;;60
200500043450;5;7;27;1250;1;2;1;1;3;29.0;18, ST PIERRE (QUAI);;;;60
200500043456;5;7;29;950;1;1;1;1;3;29.0;16, MIMONT (RUE DE);;;;60
200500043496;5;7;2;1705;1;2;2;1;3;88.0;0, ALBERTI (RUE);;;;60
200500043499;5;7;4;1835;1;2;2;1;3;88.0;0, RIQUIER (BD DE);;;;60
200500043510;5;7;6;1730;1;2;3;1;6;88.0;0, BONAPARTE (RUE);;;;60
200500043517;5;7;8;930;1;2;2;1;6;88.0;0, JOFFRE (R. MARECHAL);;;;60
200500043538;5;7;11;1430;1;2;1;1;3;88.0;22, JAURES (BD JEAN);;;;60
200500043553;5;7;15;1415;1;2;1;1;6;88.0;105, ANGLAIS (DU N° 45 A;;;;60
200500043555;5;7;15;1825;1;2;2;1;3;88.0;0, RIQUIER (BD DE);;;;60
200500043559;5;7;16;1945;1;2;2;1;3;88.0;0, DURANTE (AV.);;;;60
200500043581;5;7;21;2250;5;2;1;1;2;88.0;30, MADELEINE (BD DE LA);;;;60
200500043589;5;7;23;1120;1;1;1;1;6;88.0;ANGLAIS (DU N° 1 AU N° 4;;;;60
200500043592;5;7;25;1015;1;2;1;1;6;88.0;0, BESSET (AV.) (JUSQU'A;;;;60
200500043634;5;7;10;1745;1;1;1;1;2;497.0;THIS ROUTE;;;;80
200500043635;5;7;14;2130;2;2;3;1;3;480.0;NATIONALE ROUTE;;;;80
200500043641;5;7;28;1835;1;2;1;1;1;105.0;42, DEHUZ L.;;;;80
200500043653;5;7;5;1520;1;2;1;1;1;297.0;ANATOLE FRANCE (RUE);;;;100
200500043671;5;7;6;1010;1;2;1;1;1;1.0;RD9;;;;130
200500043819;5;7;19;1810;1;2;9;1;3;55.0;MICHELET (BD);;;;130
200500043839;5;7;19;1335;1;2;1;1;3;55.0;LIBERATION (BD);;;;130
200500044024;5;7;16;1750;1;2;3;1;1;341.0;VAL (CHEMIN DU);;;;140
200500044037;5;7;28;1700;1;2;1;1;3;327.0;1102, Quartier de la Gra;;;;140
200500044051;5;7;17;1935;1;2;2;1;3;366.0;33, REPUBLIQUE (PLACE DE;;;;140
200500044073;5;7;28;1120;1;2;2;1;3;299.0;172990048, BIIGNON BOULE;;;;170
200500044082;5;7;10;1750;1;2;1;1;3;300.0;MAUBEC   QUAI;;;;170
200500044083;5;7;11;1750;1;2;1;1;2;300.0;REPUBLIQUE   BOULEVARD D;;;;170
200500044093;5;7;21;1755;1;2;1;1;6;300.0;38, NORMANDIN   RUE EMIL;;;;170
200500044101;5;7;28;1920;1;2;2;1;3;300.0;02, SAINTES-CLAIRES   RU;;;;170
200500044108;5;7;14;100;5;2;6;1;6;306.0;, BOUCHET LOUIS (AVENUE);;;;170
200500044134;5;7;21;830;1;1;1;1;6;205.0;SANS, ORLEANS (ROUTE D');;;;180
200500044149;5;7;12;1810;1;2;3;1;3;31.0;GARENNES (QUARTIER LES);;;;190
200500044203;5;7;21;1951;1;2;1;1;6;322.0;32, HUGO ( RUE VICTOR);;;;240
200500044221;5;7;26;850;1;1;1;1;3;56.0;GRANDE RUE > 59 ET <133;;;;250
200500044226;5;7;29;1210;1;2;1;1;2;56.0;SANS, LANCHY  RUE NARCIS;;;;250
200500044229;5;7;11;1520;1;2;3;1;1;580.0;PERGAUD (RUE LOUIS);;;;250
200500044230;5;7;27;1246;1;2;1;1;3;388.0;14, MASSENET (RUE JULES);;;;250
200500044241;5;7;27;1930;1;2;1;1;6;198.0;SANS NR, EUROPE (BOULEVA;;;;260
200500044257;5;7;25;1720;1;2;1;1;3;362.0;137, ROMANS AVENUE DE (1;;;;260
200500044315;5;7;4;729;1;1;6;1;6;232.0;TROYALLAC'H  ROND POINT;;;;290
200500044346;5;7;7;1705;1;2;1;1;3;189.0;., BEAUCAIRE (ROUTE);;;;300
200500044407;5;7;9;1535;1;2;1;1;7;555.0;48, SAINT NICOLAS (GRAND;;;;310
200500044435;5;7;20;1145;1;2;2;1;3;555.0;12, PORT SAINT ETIENNE;;;;310
200500044457;5;7;29;1305;1;2;1;1;2;555.0;MINIMES (BD DES) DU 1AU;;;;310
200500044470;5;7;28;1045;1;2;1;1;6;9.0;245, PLAGE (BD DE LA) DU;;;;330
200500044472;5;7;1;1830;1;2;1;1;6;63.0;17, MARNE (CRS DE LA);;;;330
200500044482;5;7;6;1630;1;2;2;1;3;63.0;WILSON (BD DU PRESIDENT);;;;330
200500044486;5;7;7;2230;5;1;1;1;2;63.0;217, MARNE (CRS DE LA);;;;330
200500044490;5;7;10;2;5;2;1;1;6;63.0;QUINCONCES (PCE DES);;;;330
200500044504;5;7;6;1750;1;2;3;1;1;75.0;GAULLE (AVE CHARLES DE);;;;330
200500044505;5;7;8;1545;1;2;2;1;6;63.0;WILSON (BD DU PRESIDENT);;;;330
200500044518;5;7;18;810;1;2;2;1;3;63.0;PAUL (RUE SAINT VINCENT;;;;330
200500044522;5;7;12;800;1;2;1;1;3;522.0;THOUARS (AVE DE);;;;330
200500044528;5;7;20;815;1;2;2;1;1;318.0;BOURGAILH (AVE DU);;;;330
200500044534;5;7;25;2015;1;2;1;1;3;63.0;2, CLEMENCEAU (CRS GEORG;;;;330
200500044544;5;7;28;1330;1;2;1;1;3;63.0;8, JUILLET (CRS DU XXX);;;;330
200500044551;5;7;26;1145;1;2;2;1;3;39.0;ALBERT 1ER (BD );;;;330
200500044561;5;7;15;1030;1;2;1;1;3;3.0;INTENDANT BOSVILLE (RUE;;;;340
200500044565;5;7;22;1550;1;2;9;1;2;3.0;RN 112;;;;340
200500044567;5;7;22;1042;1;2;1;1;6;3.0;MARSEILLAN (A16 A B15;;;;340
200500044583;5;7;13;1040;1;2;2;1;3;73.0;N.R, PROMENADE (AV. DE L;;;;340
200500044609;5;7;3;1200;1;2;1;1;3;172.0;395, DOMITIENNE (VOIE);;;;340
200500044642;5;7;26;1600;1;2;2;1;3;172.0;COLIN (RUE);;;;340
200500044646;5;7;30;2000;2;2;4;1;3;172.0;55, ARCEAUX (BOULEVARD D;;;;340
200500044661;5;7;5;1520;1;1;1;3;3;238.0;00, MONTGERMONT (ROND PO;;;;350
200500044664;5;7;6;1440;1;2;1;1;3;238.0;09, VANEAU;;;;350
200500044673;5;7;11;2304;5;2;2;1;3;238.0;27, VINCENNES ( DE);;;;350
200500044674;5;7;13;1455;1;2;2;1;6;238.0;00, CHATEAU RENAULT;;;;350
200500044680;5;7;20;1000;1;2;2;1;3;238.0;00, FREVILLE (AVENUE HEN;;;;350
200500044687;5;7;27;1240;1;2;6;3;3;238.0;00, BUTTES DE COESMES (A;;;;350
200500044713;5;7;7;1200;1;2;3;1;3;261.0;BOISDENIER (RUE DE);;;;370
200500044730;5;7;1;1324;1;2;1;1;3;185.0;00, JOSEPH ST (RUE);;;;380
200500044735;5;7;4;1845;1;2;1;2;3;185.0;00, ALLIES (RUE DES);;;;380
200500044738;5;7;5;1945;1;2;1;1;3;185.0;00, BERTHELOT (AVENUE M.;;;;380
200500044740;5;7;8;1330;1;2;1;1;3;185.0;00, SEMARD (RUE P.);;;;380
200500044743;5;7;11;1520;1;2;1;1;3;185.0;00, MARTYRS(AV. DES);;;;380
200500044748;5;7;13;1330;1;2;2;1;3;516.0;00, CHANTOURNE (BOULEVAR;;;;380
200500044756;5;7;25;1830;1;2;2;1;3;185.0;23, IRVOY (RUE);;;;380
200500044759;5;7;28;1915;1;2;9;1;6;185.0;00, DIDEROT (RUE);;;;380
200500044787;5;7;8;1525;1;2;3;1;6;18.0;DUPRE (RUE);;;;410
200500044806;5;7;22;1715;1;2;1;1;1;99.0;9, LANGEVIN (RUE PAUL);;;;420
200500044809;5;7;28;1430;1;2;1;1;2;95.0;DORIAN (ROND POINT);;;;420
200500044827;5;7;25;1700;1;2;1;1;6;127.0;20, CHAPELLE  (CHEMIN DE;;;;420
200500044832;5;7;3;1405;1;2;3;1;3;207.0;08, DE GAULLE GENERAL RU;;;;420
200500044838;5;7;4;1820;1;2;2;1;3;305.0;33, HUGO VICTOR;;;;420
200500044840;5;7;6;830;1;1;1;1;6;218.0;3, SAINT EXUPERY;;;;420
200500044843;5;7;12;1439;1;2;1;1;1;218.0;16, SAX ADOLPHE;;;;420
200500044850;5;7;21;2024;2;2;1;1;6;218.0;VIAL JEAN HIPPOLYTE (PLA;;;;420
200500044855;5;7;27;2002;1;2;3;1;3;218.0;ALLENDE SALVATOR (BOULEV;;;;420
200500044860;5;7;8;2230;5;2;1;1;6;55.0;1, HENNECART ( BOULEVARD;;;;440
200500044872;5;7;4;1230;2;2;1;1;6;109.0;BELLAMY ( RUE PAUL );;;;440
200500044881;5;7;8;1905;1;2;3;1;5;109.0;., BOIS ( RUE DE LA VILL;;;;440
200500044883;5;7;6;1630;1;2;1;1;6;109.0;CENSIVE ( CHEMIN  PETITE;;;;440
200500044887;5;7;13;1002;1;2;1;1;3;109.0;., GOULLIN ( BD BENONI );;;;440
200500044889;5;7;12;730;1;2;1;1;2;109.0;10, USINES ( CHEMIN DES;;;;440
200500044890;5;7;11;1236;1;2;1;1;6;215.0;16, AURIOL (RUE VINCENT);;;;440
200500044891;5;7;13;1000;1;2;1;1;2;109.0;0000000000, GOULLIN ( BD;;;;440
200500044892;5;7;15;1850;1;2;3;1;6;109.0;NOROIT ( AVENUE DE );;;;440
200500044902;5;7;20;1440;1;2;1;1;3;109.0;DALBY ( BD ERNEST );;;;440
200500044921;5;7;10;1155;1;2;1;1;6;184.0;43, WILSON (BOULEVARD DU;;;;440
200500044925;5;7;17;1000;1;2;1;1;3;184.0;4, BARRIERE (CHEMIN DE L;;;;440
200500044937;5;7;18;1050;1;2;1;1;3;147.0;BANNIER (RUE DU FAUBOURG;;;;450
200500044946;5;7;22;1140;1;2;2;1;3;234.0;PARC FLORAL (AVENUE DU P;;;;450
200500044948;5;7;22;1955;1;2;3;1;3;232.0;, CHIENS (RUE AUX);;;;450
200500044952;5;7;22;1200;1;2;1;1;6;232.0;598, BELOT (RUE MARCEL);;;;450
200500044966;5;7;22;2030;1;2;2;1;3;157.0;CDT C.BAYLAC (AVENUE);;;;470
200500044973;5;7;2;1518;1;2;1;1;7;7.0;00, GREUZE;;;;490
200500044975;5;7;3;1800;1;2;1;1;6;246.0;62, DAVID D'ANGERS;;;;490
200500044999;5;7;17;900;1;2;1;1;6;7.0;ARNAULD ( HENRI) BOULEVA;;;;490
200500045040;5;7;14;2145;1;2;1;1;3;173.0;0, SALINE (BOULEVARD DE;;;;500
200500045044;5;7;22;1140;1;2;1;1;3;602.0;120, GAMBETTA (RUE);;;;500
200500045045;5;7;23;1710;1;2;1;8;3;173.0;46, HURQUE (RUE DE LA);;;;500
200500045049;5;7;28;1610;1;2;1;1;3;129.0;48, GAMBETTA (RUE);;;;500
200500045060;5;7;1;1655;1;2;1;1;6;454.0;92, BREBANT (AVENUE) DU;;;;510
200500045061;5;7;1;1650;1;2;3;1;1;454.0;2  à  8, FABIEN (RUE DU;;;;510
200500045072;5;7;27;740;1;2;2;1;3;454.0;38, MALDAN (RUE);;;;510
200500045081;5;7;16;555;2;1;1;1;6;121.0;R.D. 65;;;;520
200500045083;5;7;3;1330;1;2;9;1;6;534.0;3, CEZANNE (RUE PAUL);;;;520
200500045094;5;7;26;1305;1;2;1;2;3;130.0;27, BOURNY ( RUE DU );;;;530
200500045096;5;7;10;1355;1;2;1;1;3;263.0;COMMUNE DE PARIS (RUE DE;;;;540
200500045111;5;7;12;1800;1;2;1;1;6;395.0;8, PONT MOUJA (RUE DU);;;;540
200500045137;5;7;3;2110;5;2;1;1;3;83.0;98, VAILLANT ( AV. EDOUA;;;;560
200500045171;5;7;28;1920;1;2;6;1;2;107.0;00, BEAUFRERE (RUE ADOLP;;;;560
200500045195;5;7;1;1630;1;2;1;1;7;143.0;38, JOFFRE (RUE);;;;570
200500045200;5;7;6;2245;1;2;1;1;6;253.0;121, METZ (RUE DE);;;;570
200500045207;5;7;3;2005;1;2;1;1;6;412.0;95, SAINT SYMPHORIEN (BO;;;;570
200500045208;5;7;6;1110;1;2;1;1;6;463.0;ARENES (RUE AUX);;;;570
200500045213;5;7;17;1800;1;1;1;1;1;487.0;00, SAUSSAIE (Z.I. DE LA;;;;570
200500045215;5;7;21;1310;1;2;1;1;6;463.0;00, SEBASTOPOL (AVENUE D;;;;570
200500045217;5;7;24;1045;1;2;1;1;6;616.0;00, PAUL LANGEVIN (AVENU;;;;570
200500045220;5;7;27;1450;1;2;1;1;2;463.0;10/12, PINS (RUE DES );;;;570
200500045236;5;7;3;2025;1;2;1;1;7;194.0;66, ALSACE LORRAINE;;;;580
200500045237;5;7;3;1130;1;2;1;1;3;194.0;CROIX JOYEUSE (CARREFOUR;;;;580
200500045256;5;7;5;1330;1;2;1;1;6;156.0;01, CHARTON (RUE ALBERT);;;;590
200500045257;5;7;5;1600;1;2;6;1;2;178.0;1, FORT DE SCARPE (RUE D;;;;590
200500045264;5;7;9;1530;1;2;9;1;3;183.0;., EMMERY - PONT;;;;590
200500045281;5;7;28;1555;1;2;2;1;3;272.0;FOCH (RUE DU MARECHAL);;;;590