Num_Acc;an;mois;jour;hrmn;lum;agg;int;atm;col;com;adr;gps;lat;long;dep
200500045282;5;7;10;1630;1;2;1;1;6;295.0;46, DU RIVAGE;;;;590
200500045288;5;7;3;1800;1;2;3;1;6;350.0;00, CLEMENT JEAN BAPTIST;;;;590
200500045289;5;7;4;1410;1;2;6;1;6;350.0;DOREZ BARTHELEMY PLACE;;;;590
200500045292;5;7;6;745;1;2;7;1;3;328.0;MARTIN PLACE DU DOCTEUR;;;;590
200500045294;5;7;7;1740;1;2;3;1;3;350.0;LEZENNES BOULEVARD DE;;;;590
200500045304;5;7;13;1605;1;2;1;1;5;328.0;512, DUNKERQUE AVENUE DE;;;;590
200500045305;5;7;4;2150;2;2;1;1;2;286.0;129, BARBUSSE HENRI RUE;;;;590
200500045308;5;7;17;1445;1;2;2;1;6;9.0;00, TREMIERE RUE;;;;590
200500045311;5;7;19;735;1;2;1;1;3;378.0;834, REPUBLIQUE AV DE LA;;;;590
200500045314;5;7;21;1;5;2;1;1;2;350.0;TOURNAI RUE DE;;;;590
200500045343;5;7;10;1900;1;2;3;1;6;512.0;SALENGRO  (AVENUE ROGER);;;;590
200500045351;5;7;19;1505;1;2;2;1;3;650.0;MENDES FRANCE (BOULEVARD;;;;590
200500045360;5;7;22;1945;1;2;1;1;2;299.0;MOULIN (SQUARE JEAN);;;;590
200500045362;5;7;23;1050;1;2;1;1;6;650.0;SAINT VINCENT DE PAUL (R;;;;590
200500045399;5;7;21;1855;1;2;1;1;2;193.0;HAGUENAU;;;;620
200500045404;5;7;4;1900;1;2;3;1;3;907.0;sans, PANTIGNY (R ANDRE);;;;620
200500045410;5;7;3;915;1;2;9;1;2;624.0;HUGO (R VICTOR);;;;620
200500045421;5;7;31;1930;1;2;1;1;6;498.0;20, BLUM (R LEON);;;;620
200500045431;5;7;18;1647;1;2;9;1;6;225.0;SAINT-OMER (ROUTE DE....;;;;620
200500045446;5;7;10;1430;1;2;1;1;6;113.0;3, AMANDIERS (ALLEE DES);;;;630
200500045488;5;7;10;1355;1;1;5;1;3;164.0;CHARMES (CARREFOUR DES);;;;630
200500045536;5;7;1;1515;1;2;1;1;6;445.0;27, CARNOT;;;;640
200500045543;5;7;18;1730;1;2;1;1;3;445.0;JEAN MERMOZ;;;;640
200500045572;5;7;19;550;2;1;1;2;2;249.0;GETARIA(AVENUE);;;;640
200500045586;5;7;1;745;1;2;3;1;3;47.0;111, NOVEMBRE (RUE DU XI;;;;650
200500045596;5;7;17;1105;1;2;2;1;2;440.0;50, LATTRE DE TASSIGNY(B;;;;650
200500045599;5;7;25;950;1;2;6;1;3;440.0;., SEDE (ROND-POINT DE L;;;;650
200500045600;5;7;26;805;1;2;6;1;3;440.0;ROND-POINT ALSTOM;;;;650
200500045606;5;7;9;640;1;1;1;1;3;136.0;MAS-PALEGRY (CHEMIN DU);;;;660
200500045617;5;7;1;1740;1;2;1;1;3;482.0;0, SAINTE MARGUERITE (RU;;;;670
200500045619;5;7;3;2015;1;2;1;1;3;482.0;00, BOSTON (RUE DE);;;;670
200500045621;5;7;4;925;1;2;2;1;3;447.0;00, GENERAL DE GAULLE (R;;;;670
200500045624;5;7;5;1435;1;2;6;1;1;482.0;000, REPUBLIQUE (PLACE D;;;;670
200500045632;5;7;8;820;1;2;3;1;3;482.0;00, NEUHOF (ROUTE);;;;670
200500045634;5;7;8;1400;1;2;1;1;3;482.0;126, ROMAINS (ROUTE DES);;;;670
200500045640;5;7;11;1155;1;2;1;1;3;482.0;0, CHRISTOPHE THOMAS WAL;;;;670
200500045641;5;7;11;1943;2;2;4;1;6;482.0;000, DONON (RUE DU);;;;670
200500045647;5;7;12;1640;1;2;2;1;3;482.0;00, HAGUENAU (RUE DE);;;;670
200500045653;5;7;19;845;1;2;1;1;3;482.0;0, GARE AUX MARCHANDISES;;;;670
200500045660;5;7;27;1230;1;2;1;1;6;482.0;00000, HOMME DE FER (PLA;;;;670
200500045664;5;7;2;1005;1;2;3;1;3;66.0;TIR (RUE DU);;;;680
200500045665;5;7;5;1135;1;2;2;1;3;66.0;10, BLUMENTHAL (RUE DANI;;;;680
200500045667;5;7;19;1006;1;2;6;1;3;66.0;LIBERTE (AVENUE DE LA);;;;680
200500045668;5;7;20;945;1;2;2;1;2;66.0;31, POUDRIERE (RUE DE LA;;;;680
200500045669;5;7;26;1120;1;2;4;1;3;66.0;07, PREISS (RUE JACQUES);;;;680
200500045691;5;7;25;745;1;2;1;1;3;224.0;34, ORPHELINS (RUE DES);;;;680
200500045693;5;7;27;1945;1;1;6;1;3;149.0;PALMRAIN;;;;680
200500045695;5;7;2;2230;5;2;3;1;6;34.0;00, LOUIS DUFOUR;;;;690
200500045704;5;7;13;845;1;2;6;1;6;256.0;CHARLES DE GAULLE;;;;690
200500045705;5;7;4;1730;1;2;1;1;6;259.0;42, CLOS VERGER (DU);;;;690
200500045707;5;7;8;745;1;2;2;1;3;259.0;0, JACQUES DUCLOS;;;;690
200500045717;5;7;15;45;5;2;2;1;3;259.0;0, MARCEL SEMBAT;;;;690
200500045721;5;7;28;1705;1;2;1;1;2;199.0;0, MATHIEU DUSSURGEY;;;;690
200500045728;5;7;11;1145;1;2;3;1;6;266.0;., CRS TOLSTOI;;;;690
200500045730;5;7;14;1700;1;2;2;1;3;266.0;1, RUE DE LA DOUA;;;;690
200500045739;5;7;27;1110;1;2;3;1;3;266.0;., IMP M CERDAN;;;;690
200500045740;5;7;27;2235;5;2;3;1;3;275.0;JEAN JAURES;;;;690
200500045751;5;7;25;1548;1;1;1;1;2;290.0;PORTE DES ALPES (DE LA);;;;690
200500045753;5;7;7;1740;1;2;2;1;3;550.0;PERGAUD (RUE LOUIS);;;;700
200500045778;5;7;3;1100;1;2;1;1;2;181.0;118, CARNOT (BD);;;;720
200500045781;5;7;5;1520;1;2;1;1;6;181.0;MAC JEAN (AV) N° IMP 53;;;;720
200500045802;5;7;25;1650;1;2;1;1;2;181.0;241, MAC JEAN (AV) N° IM;;;;720
200500045808;5;7;19;1854;1;2;1;1;3;8.0;GRAND PORT (JUSQU'A L'HO;;;;730
200500045815;5;7;4;1230;1;2;3;1;6;10.0;SOMMEILLER;;;;740
200500045825;5;7;23;1523;1;2;2;1;3;133.0;VERNAZ (RUE DE);;;;740
200500045838;5;7;2;1245;1;2;1;1;7;20.0;25 AV GAMBETTA;;;;750
200500045841;5;7;4;1740;1;2;1;1;3;17.0;12 R NAVIER;;;;750
200500045858;5;7;18;1405;1;2;2;1;3;9.0;R SAINT LAZARE R TAIBOUT;;;;750
200500045864;5;7;1;1530;1;2;1;1;3;6.0;24 R GUYNEMER;;;;750
200500045876;5;7;2;1925;1;2;3;1;3;6.0;Q MALAQUAIS R BONAPARTE;;;;750
200500045882;5;7;2;1725;1;2;3;1;6;12.0;R DE LYON PL DE LA BASTI;;;;750
200500045903;5;7;3;1820;1;2;1;1;6;18.0;104 BD DE CLICHY;;;;750
200500045925;5;7;5;840;1;2;2;1;3;18.0;BD DE ROCHECHOUART R DE;;;;750
200500045926;5;7;5;830;1;2;1;1;3;18.0;60 R CAULAINCOURT;;;;750
200500045937;5;7;8;800;1;2;1;1;2;13.0;56 BD DE L HOPITAL;;;;750
200500045940;5;7;21;2025;1;2;2;1;3;17.0;AV PTE CLICHY ECH CLICHY;;;;750
200500045943;5;7;22;1535;1;2;2;1;3;3.0;R COMMINES R FROISSART;;;;750
200500045949;5;7;2;1120;1;2;3;1;6;8.0;PL DE CLICHY R D AMSTERD;;;;750
200500045951;5;7;3;1211;1;2;1;1;3;12.0;28 R DE REUILLY;;;;750
200500045961;5;7;5;1800;1;2;2;1;1;19.0;AV DE FLANDRE R RIQUET;;;;750
200500045985;5;7;7;840;1;2;1;1;6;17.0;139 AV DE VILLIERS;;;;750
200500046017;5;7;10;1420;1;2;2;1;6;4.0;R DE LA CITE Q DE LA COR;;;;750
200500046022;5;7;10;1000;1;2;1;1;6;11.0;38 R DU CHEMIN VERT;;;;750
200500046024;5;7;10;1310;1;2;1;1;2;13.0;18 R DE TOLBIAC;;;;750
200500046035;5;7;11;1040;1;2;4;1;3;10.0;BD DE MAGENTA R DE BELZU;;;;750
200500046037;5;7;11;2255;5;2;3;1;1;11.0;R PETITE PIERRE R DE CHA;;;;750
200500046041;5;7;11;915;1;2;1;1;3;15.0;50 R PORTE D ISSY;;;;750
200500046062;5;7;12;1920;1;2;2;1;3;12.0;AV DAUMESNIL BD DIDEROT;;;;750
200500046065;5;7;12;1930;1;2;3;1;3;15.0;Q DE GRENELLE R G DE CAI;;;;750
200500046086;5;7;13;930;1;2;1;1;6;18.0;124 BD DE ROCHECHOUART;;;;750
200500046104;5;7;15;1615;1;2;1;1;6;10.0;60 R DU CHATEAU D EAU;;;;750
200500046108;5;7;15;1241;1;2;2;1;3;20.0;CRS DE VINCENNES BD DE C;;;;750
200500046111;5;7;15;1340;1;2;1;1;6;12.0;60 AV GEN MICHEL BIZOT;;;;750
200500046117;5;7;16;1530;1;2;3;1;6;2.0;R PETITS CARREAUX R DU N;;;;750
200500046121;5;7;16;2230;5;2;1;1;6;13.0;64 AV D ITALIE;;;;750
200500046144;5;7;19;315;5;2;1;1;6;11.0;6 AV PARMENTIER;;;;750
200500046147;5;7;20;1225;1;2;3;1;3;4.0;QU DE CORSE PL LOUIS LEP;;;;750
200500046154;5;7;14;1310;1;2;1;1;3;18.0;106 R DAMREMONT;;;;750
200500046175;5;7;19;1500;1;2;1;1;6;3.0;15 PL REPUBLIQUE;;;;750
200500046178;5;7;19;1035;1;2;1;1;6;12.0;64 BD SOULT;;;;750
200500046179;5;7;19;1610;1;2;2;1;3;15.0;PO GRENELLE QU GRENELLE;;;;750
200500046184;5;7;20;1350;1;2;1;1;3;2.0;22 R ETIENNE MARCEL;;;;750
200500046199;5;7;21;2015;1;2;5;1;1;13.0;R INTERNE LOEB R DOC TUF;;;;750
200500046203;5;7;21;715;1;2;4;1;3;16.0;PL PTE MAILLOT ECH MAILL;;;;750
200500046221;5;7;23;1115;1;2;1;1;3;10.0;16 BD SAINT DENIS;;;;750
200500046229;5;7;23;45;5;2;5;1;3;16.0;AV DE VERSAILLES R AMIRA;;;;750
200500046268;5;7;27;2300;5;2;1;1;6;12.0;14 BD DE REUILLY;;;;750
200500046280;5;7;27;1210;1;2;1;1;6;20.0;52 R PIAT;;;;750
200500046283;5;7;28;945;1;2;3;1;1;8.0;PT ALEXANDRE III CRS LA;;;;750
200500046310;5;7;29;1135;1;2;1;1;1;18.0;8 BD BARBES;;;;750
200500046316;5;7;30;2205;2;2;2;1;3;7.0;Q D ORSAY AV DU MAL GALL;;;;750
200500046328;5;7;30;5;5;2;1;1;6;18.0;56 BD DE ROCHECHOUART;;;;750
200500046340;5;7;29;1155;1;2;1;1;3;5.0;54 BD ST MICHEL;;;;750
200500046346;5;7;31;1920;1;2;1;1;3;16.0;6 AV RAYMOND POINCARE;;;;750
200500046386;5;7;3;1615;1;2;1;1;2;178.0;0, PORT ANGOT. LE;;;;760
200500046389;5;7;18;2100;1;2;2;1;1;561.0;0, JAURES. RUE JEAN;;;;760
200500046394;5;7;11;1200;1;2;1;1;1;351.0;VERDUN (DE) N°<180;;;;760
200500046434;5;7;22;1710;1;2;2;1;3;131.0;101, REBAIS (AVENUE DE);;;;770
200500046454;5;7;22;1730;1;2;2;1;3;143.0;1, ALAIN COLAS (RUE);;;;770
200500046470;5;7;7;1915;1;2;9;1;6;54.0;22, GRANDE (RUE);;;;770
200500046472;5;7;8;1230;1;2;1;1;2;333.0;GUICHETTES (RUE DES);;;;770
200500046484;5;7;3;1620;1;2;6;1;3;118.0;JEAN JAURES (RUE);;;;770
200500046526;5;7;6;1415;1;2;1;1;2;440.0;GRAVIERS (RUE DES);;;;780
200500046551;5;7;27;1010;1;2;1;1;6;586.0;PECQ (QUAI DU) N°55 A 18;;;;780
200500046591;5;7;23;1830;1;2;1;1;1;131.0;37, ECLUSES (RUE DES);;;;800
200500046595;5;7;27;1720;1;2;1;3;6;21.0;17, TROIS CAILLOUX (RUE;;;;800
200500046599;5;7;29;1135;1;2;1;1;2;21.0;8, SAINT LEU (RUE);;;;800
200500046600;5;7;29;1725;1;2;1;1;6;21.0;46, REPUBLIQUE (RUE DE L;;;;800
200500046610;5;7;8;1355;1;2;6;1;3;65.0;NATIONALE 112 (RN);;;;810
200500046616;5;7;22;1915;1;1;2;7;3;65.0;BARQUE ( CHEMIN DE LA );;;;810
200500046617;5;7;23;1400;1;2;3;1;2;65.0;VILLENEUVE (RUE EMILIE D;;;;810
200500046626;5;7;21;1415;1;2;2;1;2;121.0;0, CONSUL DUPUY (ALLEES;;;;820
200500046659;5;7;14;1910;1;2;1;1;3;123.0;JOSEPH LAUTIER (AVENUE);;;;830
200500046677;5;7;29;1205;1;2;6;1;3;126.0;, PYROTECHNIE (RD POINT;;;;830
200500046692;5;7;10;1630;1;2;1;1;3;62.0;891, PLANQUETTE (CHEMIN;;;;830
200500046715;5;7;8;1715;1;2;1;2;3;7.0;67, PIERRE SEMARD (avenu;;;;840
200500046727;5;7;21;1800;1;2;1;1;1;7.0;88, MONTFAVET (Route);;;;840
200500046740;5;7;18;1740;1;2;1;1;3;35.0;0, COTY (AVENUE RENE);;;;840
200500046752;5;7;3;1020;1;2;1;1;6;191.0;0, TORTAT BOULEVARD ANTO;;;;850
200500046763;5;7;27;1955;1;2;3;2;6;194.0;LAENNEC (RUE DU DOCTEUR;;;;850
200500046779;5;7;26;2055;1;2;1;1;1;194.0;PIERRE DE COUBERTIN (RUE;;;;860
200500046797;5;7;13;1540;1;1;1;1;7;65.0;PLAGNE (RUE DE LA);;;;870
200500046804;5;7;19;949;1;2;1;1;7;85.0;18, AURIOL (AVENUE DU PR;;;;870
200500046814;5;7;26;740;1;1;1;1;2;65.0;PONTEIX (AVENUE DU);;;;870
200500046827;5;7;3;2105;1;2;1;1;6;424.0;0, Chemin de terre atten;;;;880
200500046830;5;7;28;1345;1;2;1;1;1;428.0;241, Route d'HERBAVILLE;;;;880
200500046849;5;7;14;1530;1;1;1;1;6;103.0;68, ADER CLEMENT (RUE);;;;910
200500046868;5;7;2;1520;1;2;1;1;3;228.0;., EUROPE (BD) N) IMPAIR;;;;910
200500046873;5;7;12;1950;1;2;1;1;3;228.0;., LIBERTE (AVENUE DE LA;;;;910
200500046878;5;7;17;1530;1;2;1;1;1;286.0;237, NATIONALE 7 (ROUTE);;;;910
200500046879;5;7;22;705;1;2;1;1;3;326.0;0, MONTTESSUY (RUE DE);;;;910
200500046899;5;7;10;1932;1;2;1;1;3;64.0;25,  Léon MIGNOTTE (rue);;;;910
200500046911;5;7;11;1130;1;2;1;1;3;2.0;115, DIVISION LECLERC (5;;;;920
200500046930;5;7;14;1850;1;2;2;1;6;7.0;12, PASTEUR (AVENUE LOUI;;;;920
200500046934;5;7;4;710;1;2;1;3;3;12.0;10 bis, JEAN JAURES (BOU;;;;920
200500046943;5;7;16;1545;1;2;1;1;6;12.0;32, GENERAL LECLERC (AVE;;;;920
200500046964;5;7;11;1900;1;2;2;1;2;24.0;FERNAND PELLOUTIER (RUE);;;;920
200500046979;5;7;8;905;1;2;1;1;3;26.0;VERDUN (DE 62 A FIN);;;;920
200500046999;5;7;19;1805;1;2;1;1;3;48.0;05, MAL DE LATTRE DE TAS;;;;920
200500047006;5;7;6;1625;1;2;1;1;3;20.0;17, PERROTIN RUE;;;;920
200500047041;5;7;9;1755;1;2;3;1;7;64.0;11, DAILLY;;;;920
200500047056;5;7;29;1015;1;2;1;1;7;72.0;03, GARENNE (RUE DE LA);;;;920
200500047062;5;7;1;1105;1;2;9;1;3;75.0;1, JACQUES JEZEQUEL (AVE;;;;920
200500047072;5;7;30;2215;5;2;3;1;3;78.0;ASNIERES (QUAI);;;;920
200500047104;5;7;3;1535;1;2;6;1;3;8.0;PLACE SAINT JUSTE;;;;930
200500047111;5;7;8;1915;1;2;1;1;6;27.0;23, LECLERC (AVENUE DU G;;;;930
200500047140;5;7;9;1425;1;2;1;1;3;46.0;N.R, POSTES CHEMIN DES;;;;930
200500047151;5;7;15;1715;1;2;2;1;5;48.0;SOLIDARITE (RUE DE LA);;;;930
200500047155;5;7;23;1420;1;2;2;8;3;48.0;, HENRI BARBUSSE (BOULEV;;;;930
200500047174;5;7;19;1435;1;2;2;1;1;55.0;49, JULES AUFFRET (1/49;;;;930
200500047193;5;7;21;835;1;2;2;1;3;66.0;STADE DE FRANCE (AVENUE;;;;930
200500047201;5;7;30;2015;1;2;3;1;1;66.0;WILSON (AVENUE DU PRESID;;;;930
200500047202;5;7;30;2240;5;2;3;1;3;66.0;, CORBILLON;;;;930
200500047219;5;7;1;1825;1;2;1;8;3;78.0;53, BALLANGER (BD ROBERT;;;;930
200500047223;5;7;12;1510;1;2;1;1;3;73.0;, DE GAULLE (RUE CHARLES;;;;930
200500047228;5;7;22;1440;1;2;1;1;3;78.0;, LECLERC (AVENUE DU GEN;;;;930
200500047275;5;7;4;1930;1;2;1;1;3;11.0;MOQUET.(RUE GUY);;;;940
200500047280;5;7;13;1315;1;2;1;1;3;28.0;VERDUN.(AVENUE DE);;;;940
200500047282;5;7;23;2305;5;2;1;1;3;28.0;0, MECHES(MAIL DES);;;;940
200500047291;5;7;30;835;1;2;1;2;3;28.0;FOCH(AVENUE DU MARECHAL);;;;940
200500047315;5;7;27;1940;2;2;1;1;3;21.0;PETIT LEROY (R DU);;;;940
200500047327;5;7;20;810;1;2;1;1;3;46.0;000, BUSTEAU (AV);;;;940
200500047370;5;7;26;2000;1;2;2;1;3;18.0;ALLEMANE (BOULEVARD JEAN;;;;950
200500047395;5;7;28;1555;1;2;1;1;6;219.0;JEAN ESPRANGLE (PLACE);;;;950
200500047396;5;7;1;118;5;2;1;1;1;268.0;HUIT MAI 1945 (AVENUE DU;;;;950
200500047407;5;7;2;1730;1;2;1;1;3;313.0;PARIS (AVENUE DE);;;;950
200500047631;5;7;10;1246;1;2;1;1;1;33.0;17, CITE AURORE;;;;202
200500047648;5;7;21;1300;1;2;2;1;3;382.0;JULES COURMONT;;;;690
200500047692;5;7;18;955;1;2;2;1;1;383.0;MARECHAL DE SAXE;;;;690
200500047699;5;7;25;1940;1;2;2;1;3;383.0;ST ANTOINE;;;;690
200500047701;5;7;28;1840;1;2;1;1;3;386.0;LAFAYETTE;;;;690
200500047702;5;7;29;1800;1;2;1;8;3;386.0;WINSTON CHURCHILL;;;;690
200500047708;5;7;22;1910;1;2;3;1;3;384.0;16, HENRI CHEVALIER;;;;690
200500047743;5;7;1;1350;1;2;1;1;3;387.0;37, LECLERC;;;;690
200500047745;5;7;5;1840;1;2;1;1;3;387.0;101, BERTHELOT;;;;690
200500047756;5;7;22;2355;5;2;1;1;2;387.0;PASTEUR;;;;690
200500047845;5;7;21;1300;1;1;1;1;5;55.0;A55-Sens Martigues vers;;;;130
200500047898;5;8;11;915;1;2;1;1;1;810.0;RN 17;M;5036000.0;279000.0;620
200500047901;5;8;1;1600;1;2;1;1;1;25.0;CD 940;M;5081500.0;161000.0;620
200500047912;5;8;24;1045;1;2;1;1;1;14.0;rue d'isbergues;M;0.0;0.0;620
200500047924;5;8;18;1115;1;2;1;1;3;612.0;FACE AU 05 RUE MORVILLER;M;0.0;0.0;800
200500047934;5;8;17;1715;1;1;1;1;1;688.0;;M;5030700.0;164400.0;800
200500047947;5;8;17;1445;1;2;9;1;1;58.0;13 RUE DU MOULIN D'ARCEN;M;0.0;0.0;20
200500047948;5;8;31;2330;3;1;1;1;2;555.0;;M;0.0;0.0;20
200500047968;5;8;4;1500;1;2;1;1;3;616.0;;M;4936400.0;176800.0;600
200500047979;5;8;29;730;2;1;1;1;3;120.0;;M;4932000.0;239000.0;600
200500047996;5;8;3;1030;1;1;1;1;3;141.0;;M;4918800.0;249000.0;600
200500048045;5;8;19;1600;1;1;3;1;3;151.0;;M;4939700.0;138600.0;270
200500048056;5;8;22;1445;1;2;1;1;5;184.0;Route de Louviers;M;4921200.0;108400.0;270
200500048091;5;8;28;1045;1;1;1;1;3;78.0;;M;4860600.0;-171100.0;350
200500048101;5;8;3;1200;1;1;2;1;3;222.0;;M;0.0;0.0;220
200500048103;5;8;6;1515;1;1;1;1;3;93.0;;M;4845800.0;-251300.0;220
200500048131;5;8;26;1815;1;2;1;1;3;264.0;Rue de La Pitié;M;0.0;0.0;220
200500048133;5;8;10;1430;1;1;1;1;1;159.0;;M;4793200.0;-432600.0;290
200500048136;5;8;25;1615;1;2;1;1;2;57.0;Sentier de Mesmeur;M;4791300.0;-397700.0;290
200500048141;5;8;18;1045;1;1;9;1;1;158.0;;M;4781800.0;-434800.0;290
200500048143;5;8;9;1100;1;2;1;1;2;178.0;RUE PROVOSTIC;M;0.0;0.0;290
200500048180;5;8;4;1700;1;1;1;1;2;20.0;;M;4914900.0;-14600.0;140
200500048184;5;8;31;1645;1;1;1;1;5;76.0;;M;4923900.0;-30600.0;140
200500048212;5;8;8;1145;1;1;1;1;3;312.0;;M;4871800.0;-105900.0;500
200500048216;5;8;29;1100;1;2;1;1;1;149.0;Village de la gare;M;4955700.0;-167000.0;500
200500048258;5;8;18;1130;1;1;1;1;7;32.0;;M;0.0;0.0;440
200500048288;5;8;9;1700;1;2;1;1;5;10.0;face au 45 rue du Golf;M;0.0;0.0;440
200500048293;5;8;5;700;1;1;1;1;2;98.0;;M;4749200.0;-215100.0;440
200500048301;5;8;2;1845;1;2;2;1;3;22.0;Rue du FOURNEAU;M;4731700.0;-58600.0;490
200500048372;5;8;9;1845;1;2;1;1;1;132.0;;M;0.0;0.0;720
200500048375;5;8;13;1830;1;1;1;1;1;39.0;le Rouet;M;0.0;0.0;850
200500048376;5;8;30;945;1;1;1;1;3;119.0;;M;0.0;0.0;850
200500048387;5;8;24;1045;1;1;1;1;1;42.0;;M;0.0;0.0;850
200500048390;5;8;4;1945;1;2;6;1;3;47.0;rue de la proutière;M;4684800.0;-187600.0;850
200500048395;5;8;10;1300;1;2;1;1;3;152.0;Av Georges Clemenceau;M;0.0;0.0;850
200500048409;5;8;8;1600;1;2;1;1;3;114.0;RUE DU FIEF L' ABBESSE;M;0.0;0.0;850
200500048480;5;8;17;1100;1;1;1;1;2;266.0;;M;0.0;0.0;400
200500048490;5;8;5;915;1;2;1;1;1;46.0;rue du grand jeanon;M;0.0;0.0;400
200500048506;5;8;14;945;1;1;1;1;1;4.0;;M;4430900.0;34200.0;470
200500048511;5;8;2;1630;1;1;1;1;1;233.0;;M;4452900.0;9700.0;470
200500048584;5;8;7;1215;1;2;1;1;6;207.0;rue du couvent;M;0.0;0.0;170
200500048585;5;8;28;1550;1;2;6;1;3;121.0;RD 735;M;0.0;0.0;170
200500048633;5;8;28;1120;1;1;1;1;1;16.0;veluché;M;0.0;0.0;790
200500048650;5;8;30;900;1;2;1;1;3;123.0;07 avenue du progrés;M;4517400.0;156300.0;190
200500048654;5;8;16;800;1;1;1;1;2;44.0;la Tuilerie;M;0.0;0.0;230
200500048717;5;8;11;1845;1;2;4;1;3;127.0;RD152;M;4387000.0;-10200.0;320
200500048760;5;8;12;1530;1;1;1;1;3;52.0;;M;0.0;0.0;810
200500048797;5;8;27;1145;1;1;1;1;3;178.0;;M;4569600.0;444000.0;690
200500048809;5;8;23;1900;1;1;1;1;2;209.0;;M;4623700.0;448800.0;690
200500048832;5;8;19;1900;1;1;1;1;7;15.0;CD 69 - PK 5,070;M;0.0;0.0;10
200500048834;5;8;5;1730;1;1;1;1;1;208.0;;M;4581500.0;577800.0;10
200500048835;5;8;9;1315;1;1;1;1;6;10.0;;M;0.0;0.0;10
200500048845;5;8;30;1815;1;2;1;1;1;354.0;rue de geneve;M;0.0;0.0;10
200500048855;5;8;27;845;1;1;1;1;1;346.0;RN86;M;4447900.0;468900.0;70
200500048856;5;8;9;945;1;1;1;1;3;348.0;;M;4455400.0;441100.0;70
200500048868;5;8;17;1300;1;1;1;1;6;334.0;;M;4440900.0;413000.0;70
200500048904;5;8;30;730;1;2;6;1;1;317.0;ier rue de l'industrie;M;0.0;0.0;380
200500048925;5;8;13;1645;1;2;1;1;3;554.0;Chemin de la Gare;M;4572500.0;524100.0;380
200500048933;5;8;29;1545;1;2;1;1;1;300.0;ROUTE DE VIENNE;M;4539400.0;518400.0;380
200500048948;5;8;13;1215;1;2;1;1;3;5.0;avenue st exupéry;M;0.0;0.0;420
200500048955;5;8;14;945;1;1;1;1;1;312.0;;M;4541900.0;407200.0;420
200500048967;5;8;13;1740;1;1;1;1;1;300.0;lieu-dit poulaillon;M;0.0;0.0;420
200500048973;5;8;18;1750;1;2;1;7;3;230.0;Rue Nationale;M;0.0;0.0;420
200500048979;5;8;13;1130;1;2;1;1;3;106.0;Chef Lieu;M;4565400.0;617100.0;730
200500049002;5;8;16;1030;1;1;1;1;3;123.0;;M;0.0;0.0;740
200500049003;5;8;26;1230;1;1;1;1;1;275.0;;M;0.0;0.0;740
200500049033;5;8;16;1500;1;1;2;1;3;249.0;;M;0.0;0.0;740
200500049038;5;8;25;1913;1;1;1;1;1;204.0;CD 54;M;0.0;0.0;630
200500049054;5;8;19;940;1;1;1;8;1;165.0;RD 204;M;0.0;0.0;630
200500049106;5;8;12;1900;1;1;1;1;3;268.0;;M;4511400.0;411000.0;430
200500049115;5;8;4;1100;1;1;1;1;1;385.0;;M;0.0;0.0;570
200500049140;5;8;10;1730;1;2;2;1;3;508.0;Rue du Mont ST JEAN;M;0.0;0.0;540
200500049143;5;8;22;1400;1;2;6;1;3;150.0;;M;0.0;0.0;540
200500049144;5;8;6;1600;1;1;1;1;7;459.0;;M;0.0;0.0;540
200500049154;5;8;5;1045;1;2;1;1;1;449.0;rue du Laxatte;M;0.0;0.0;540
200500049170;5;8;23;1945;1;2;1;1;1;549.0;Rue du moulin;M;4925300.0;506800.0;550
200500049207;5;8;20;1145;1;1;1;1;1;101.0;;M;4853100.0;750000.0;670
200500049220;5;8;9;1730;1;2;1;1;3;539.0;23 rue de la Victoire;M;0.0;0.0;670
200500049246;5;8;12;1330;1;2;9;1;3;154.0;teau d'eau et de la rue;M;0.0;0.0;680
200500049250;5;8;18;1300;1;1;1;1;5;263.0;;M;4758300.0;747400.0;680
200500049252;5;8;10;1215;1;1;1;1;2;163.0;;M;0.0;0.0;680
200500049286;5;8;9;1200;1;1;1;1;1;115.0;;M;4959400.0;487000.0;80
200500049294;5;8;31;1200;1;2;1;1;1;185.0;RUE CHARLES VIARDOT;M;0.0;0.0;100
200500049296;5;8;28;1200;1;2;1;1;1;2.0;CHEMIN DU VALLON;M;0.0;0.0;100
200500049302;5;8;9;1115;1;2;1;1;1;233.0;MARTYRS DE LA LIBERATION;M;4851500.0;388900.0;100
200500049308;5;8;30;1315;1;2;2;1;1;353.0;Rue de la Perrière;M;0.0;0.0;520
200500049327;5;8;23;1430;1;2;1;1;1;383.0;04 rue Roger Salengro;M;4752500.0;511900.0;210
200500049358;5;8;5;1435;1;1;1;1;3;53.0;Thouez;M;0.0;0.0;580