Num_Acc;an;mois;jour;hrmn;lum;agg;int;atm;col;com;adr;gps;lat;long;dep
200500058317;5;9;30;1705;1;2;1;1;6;172.0;12, REPUBLIQUE (RUE DE L;;;;340
200500058323;5;9;2;1650;1;2;1;1;3;238.0;00, GUILLOUX (LOUIS);;;;350
200500058335;5;9;9;820;1;2;1;1;3;238.0;48, VILLEBOIS MAREUIL (B;;;;350
200500058337;5;9;9;1150;1;2;2;1;3;238.0;00, PORTUGAL (BD DU);;;;350
200500058342;5;9;14;845;1;2;1;1;3;238.0;00, COLOMBIER (BD DU);;;;350
200500058343;5;9;14;1615;1;2;2;1;3;238.0;19, SAINT-MARTIN;;;;350
200500058345;5;9;15;1615;1;2;7;1;6;238.0;00, REPUBLIQUE (PLACE DE;;;;350
200500058348;5;9;17;1400;1;2;1;1;6;238.0;00, CHAMP JACQUET (DU);;;;350
200500058351;5;9;19;810;1;2;6;1;2;238.0;00, SAINT VINCENT (ROND;;;;350
200500058352;5;9;19;840;1;2;1;1;3;238.0;65, SAINT-BRIEUC (DE);;;;350
200500058353;5;9;19;1755;1;2;1;1;3;281.0;00, RD 177;;;;350
200500058355;5;9;20;756;1;2;1;1;6;238.0;00, GROS MALHON (AVENUE);;;;350
200500058369;5;9;24;1820;1;2;1;1;6;238.0;12, GALICIE (SQUARE DE);;;;350
200500058376;5;9;30;1130;1;2;2;1;3;238.0;00, CHATILLON (DE);;;;350
200500058396;5;9;29;1350;1;2;1;8;2;44.0;31, CURIE (PIERRE ET MAR;;;;360
200500058397;5;9;11;1830;1;2;2;1;3;122.0;RD 37;;;;370
200500058408;5;9;21;1400;1;2;6;1;3;261.0;SAINT SAUVEUR (PONT);;;;370
200500058409;5;9;19;1130;1;2;2;1;3;261.0;JEMMAPES (RUE);;;;370
200500058414;5;9;3;1235;1;2;1;1;6;185.0;54, JAURES (COURS J.);;;;380
200500058425;5;9;11;300;5;2;2;2;2;185.0;00, SEMBAT (BOULEVARD A.;;;;380
200500058430;5;9;13;2125;5;2;2;1;4;185.0;00, MARCEAU (RUE) COL.DU;;;;380
200500058437;5;9;15;1800;1;1;2;1;3;169.0;00, CURIE (BOULEVARD J.);;;;380
200500058438;5;9;15;1830;1;2;1;1;3;185.0;117, ALLIES (RUE DES);;;;380
200500058439;5;9;16;1300;1;2;1;1;3;151.0;00, PELLOUTIER (RUE F.);;;;380
200500058442;5;9;17;1050;1;2;2;1;3;185.0;00, GILOT (RUE CDT);;;;380
200500058452;5;9;22;1610;1;2;2;1;3;179.0;00, DUHAMEL (AVENUE HENR;;;;380
200500058453;5;9;22;1710;1;2;1;1;6;185.0;0, VEYRAT (RUE J.);;;;380
200500058456;5;9;26;845;1;2;1;1;3;185.0;00, EAUX CLAIRES (RUE DE;;;;380
200500058461;5;9;27;1700;1;2;1;1;3;185.0;107, BLUM (AVENUE L.);;;;380
200500058464;5;9;28;1925;1;2;1;1;4;185.0;14, MERIMEE (RUE PROSPER;;;;380
200500058492;5;9;21;950;1;2;1;1;6;18.0;07, GALLOIS (RUE);;;;410
200500058496;5;9;14;1820;1;2;2;1;3;194.0;0, VILLEFRANCHE (AVENUE;;;;410
200500058498;5;9;20;1915;1;2;2;7;2;269.0;., YVON (AVENUE GERARD);;;;410
200500058512;5;9;20;1105;1;2;6;1;3;147.0;CD5;;;;420
200500058529;5;9;23;1759;1;2;2;1;6;187.0;20, FONTQUENTIN (RUE);;;;420
200500058548;5;9;12;1835;1;2;1;1;6;218.0;91, BERGSON A PARTIR N°;;;;420
200500058557;5;9;20;1210;1;2;2;8;1;218.0;46, AMOUROUX A PARTIR DE;;;;420
200500058559;5;9;21;1554;1;2;1;1;1;189.0;56, MASSENET;;;;420
200500058582;5;9;5;1115;1;2;2;1;6;109.0;1, RUE PAUL BEAUPERE;;;;440
200500058589;5;9;9;1050;1;2;1;1;3;109.0;157, CLISSON ( ROUTE DE;;;;440
200500058590;5;9;9;1245;1;2;1;1;3;109.0;88, RUE MARECHAL JOFFRE;;;;440
200500058592;5;9;8;1745;1;2;3;1;6;109.0;RUE DE LA SOUILLARDERIE;;;;440
200500058600;5;9;9;800;2;2;6;1;2;162.0;0, AVENUE DE LA BOUVARDI;;;;440
200500058607;5;9;17;1640;1;2;6;1;3;109.0;ROUTE DE VANNES;;;;440
200500058609;5;9;19;1055;1;2;1;1;2;109.0;., RUE DU POITOU;;;;440
200500058614;5;9;21;1605;1;2;2;1;3;109.0;94, RUE GAMBETTA;;;;440
200500058625;5;9;27;750;1;2;5;1;6;109.0;RUE DE LA GAUDINIERE;;;;440
200500058655;5;9;19;845;1;2;3;1;3;234.0;CHATEAU GAILLARD (RUE DU;;;;450
200500058661;5;9;27;1500;1;2;1;1;2;234.0;11, OLIVET (ROUTE D'OLIV;;;;450
200500058670;5;9;21;1423;1;2;1;1;3;1.0;43, LACOUR (BD EDOUARD);;;;470
200500058684;5;9;4;1706;1;2;1;1;7;246.0;40, GRAND LARGE PORT;;;;490
200500058688;5;9;7;1233;1;2;1;1;1;7.0;BASSE CHAINE PONT;;;;490
200500058690;5;9;8;802;1;2;6;1;3;7.0;00, ARAGON AVENUE;;;;490
200500058691;5;9;9;1605;1;2;1;1;3;7.0;47, CHAPELLE;;;;490
200500058695;5;9;11;1906;2;2;1;1;3;15.0;09, MENDES FRANCE AVENUE;;;;490
200500058697;5;9;13;1435;1;2;3;1;3;7.0;00, PASTEUR AVENUE;;;;490
200500058703;5;9;17;1646;1;2;1;1;3;7.0;16, ORMEAUX;;;;490
200500058711;5;9;20;1210;1;2;1;1;3;7.0;65, DUNANT BOULEVARD;;;;490
200500058737;5;9;1;1805;1;2;1;1;3;173.0;49, PAIX (RUE DE LA);;;;500
200500058746;5;9;11;930;1;2;1;1;2;602.0;0, BECQUET (RUE DU);;;;500
200500058749;5;9;15;1510;1;2;1;6;3;129.0;ABBAYE (RUE DE L');;;;500
200500058755;5;9;23;1055;1;2;3;1;3;129.0;LEMONNIER (AVENUE AMIRAL;;;;500
200500058766;5;9;27;1740;1;2;1;1;1;218.0;PARFONTERIE (CH DE LA);;;;500
200500058772;5;9;5;435;5;2;1;1;3;454.0;108, COURCELLES (RUE DE);;;;510
200500058786;5;9;27;1230;1;2;6;1;2;454.0;BRIAND (PLACE ARISTIDE);;;;510
200500058788;5;9;8;1835;1;2;1;1;6;121.0;1, SOUVENIR FRANCAIS (AV;;;;520
200500058803;5;9;11;1450;1;2;2;1;3;54.0;16, BOLETS ( IMPASSE DES;;;;530
200500058804;5;9;21;1804;1;2;2;1;3;130.0;MONTMORENCY- LAVAL ( BOU;;;;530
200500058810;5;9;1;755;1;2;3;1;6;578.0;1, AIGUILLETTES  (BD 1 A;;;;540
200500058812;5;9;1;1800;1;2;1;1;6;328.0;1, MONT (RUE DU);;;;540
200500058814;5;9;2;815;1;2;2;1;3;395.0;TOMBLAINE (RUE DE);;;;540
200500058828;5;9;10;2140;5;2;3;2;3;395.0;GONCOURT (RUE DES);;;;540
200500058848;5;9;20;1815;1;2;3;1;3;547.0;LECLERC (AV. DU GENERAL;;;;540
200500058852;5;9;25;1340;1;2;1;1;3;395.0;METZ (RUE DE);;;;540
200500058853;5;9;26;1020;1;2;1;8;3;439.0;SEICHAMPS (RUE DE);;;;540
200500058861;5;9;9;800;1;2;1;2;3;79.0;CLAUDE (AVENUE VICTOR);;;;540
200500058862;5;9;5;1815;1;2;9;1;3;431.0;01, LONGUES RAYES (RUE D;;;;540
200500058872;5;9;14;1140;1;2;2;1;7;545.0;PELAS ( DU );;;;550
200500058885;5;9;17;2135;5;2;1;1;6;98.0;95, JAURES (RUE  JEAN );;;;560
200500058886;5;9;19;1652;1;2;1;1;7;107.0;00, LE GUEN (RUE  JULES;;;;560
200500058888;5;9;19;1850;1;2;1;1;7;121.0;21, RATIER (RUE);;;;560
200500058889;5;9;21;1221;1;1;2;1;3;162.0;00, VRAIE CROIX (LIEU DI;;;;560
200500058899;5;9;25;1740;1;2;1;1;7;98.0;00, MAI 1945 ( AV. DU 8;;;;560
200500058911;5;9;28;850;1;2;1;1;6;260.0;., REMY(BOULEVARD DU COL;;;;560
200500058939;5;9;22;900;1;2;1;1;3;412.0;73, SAINT SYMPHORIEN (BO;;;;570
200500058982;5;9;30;1815;1;2;1;1;3;194.0;21, GRESSET;;;;580
200500058986;5;9;27;1205;1;2;1;1;3;143.0;56, MARLE (RUE DE LA );;;;590
200500058990;5;9;27;1415;1;1;1;2;7;253.0;SARTEAU (ROUTE DU );;;;590
200500058998;5;9;13;1800;1;2;3;1;3;183.0;., SAINT OMER - QUAI;;;;590
200500059010;5;9;26;730;2;2;1;1;5;183.0;FAIDHERBE - AVENUE;;;;590
200500059013;5;9;18;1538;1;2;1;1;3;271.0;00000, SUWALKI - AVENUE;;;;590
200500059015;5;9;14;1500;1;2;3;1;3;272.0;CARNOT (BOULEVARD);;;;590
200500059018;5;9;1;1900;1;2;5;1;3;368.0;REPUBLIQUE AVENUE DE LA;;;;590
200500059025;5;9;1;1640;1;2;1;1;6;286.0;N 44, PASTEUR RUE;;;;590
200500059051;5;9;17;1735;1;2;2;1;3;9.0;CIMAISE RUE DE LA;;;;590
200500059057;5;9;20;1725;1;2;1;1;6;9.0;338, FUSILLES RUE DES DU;;;;590
200500059062;5;9;22;1715;1;2;1;1;6;350.0;30, GAMBETTA LEON RUE;;;;590
200500059064;5;9;24;1200;1;2;2;1;6;350.0;Sans objet, STATIONS RUE;;;;590
200500059067;5;9;24;1720;1;2;9;1;2;378.0;BAILLY ALLEE DU;;;;590
200500059068;5;9;24;1900;1;2;2;1;6;386.0;MAERTENS GEORGES RUE;;;;590
200500059075;5;9;28;1825;1;2;3;1;6;9.0;TALMA RUE;;;;590
200500059077;5;9;29;915;1;1;1;1;6;350.0;MOLINEL RUE DU;;;;590
200500059078;5;9;30;1715;1;2;1;2;6;350.0;N 68, FAIDHERBE RUE;;;;590
200500059093;5;9;3;1940;1;2;1;1;6;512.0;CASSEL (RUE DE);;;;590
200500059095;5;9;16;1345;1;2;2;1;2;512.0;MOTTE (AVENUE ALFRED);;;;590
200500059117;5;9;26;1950;5;1;1;1;6;299.0;TRIBONNERIE (RUE DE LA);;;;590
200500059118;5;9;20;1715;1;2;1;1;3;512.0;59, INGRES (RUE);;;;590
200500059174;5;9;7;1750;1;2;1;1;3;48.0;144, LAMENDIN (ARTHUR);;;;620
200500059179;5;9;8;1525;1;2;4;1;3;570.0;44, SIMON (PIERRE);;;;620
200500059183;5;9;19;1835;1;2;6;7;2;724.0;CD 40;;;;620
200500059196;5;9;22;1835;1;2;4;1;3;160.0;115, MALO (Rue Henri );;;;620
200500059209;5;9;18;1855;1;2;3;2;3;250.0;sans, BEUGNET (R CASIMIR;;;;620
200500059213;5;9;28;1440;1;2;1;1;6;637.0;5, LAMENDIN (R ARTHUR);;;;620
200500059223;5;9;5;2000;2;2;1;1;1;186.0;., CHENES (R DES);;;;620
200500059226;5;9;25;1815;1;2;1;1;5;563.0;., JAURES (R JEAN);;;;620
200500059233;5;9;1;2010;2;2;1;1;2;113.0;POMPIDOU (BD GEORGES);;;;630
200500059245;5;9;6;1740;1;2;1;1;6;113.0;44, JOUHAUX (BD LEON);;;;630
200500059247;5;9;7;800;1;2;2;8;7;113.0;1, KESSLER (RUE);;;;630
200500059256;5;9;13;1905;1;2;2;1;6;113.0;RIBOT (RUE ALEXANDRE);;;;630
200500059264;5;9;16;1750;1;2;1;1;3;113.0;1, RIOM (RUE DE);;;;630
200500059313;5;9;26;1506;1;2;1;1;3;24.0;67, QUATRE CANTONS (RUE;;;;640
200500059342;5;9;7;1725;1;2;6;1;3;445.0;YITZHAK RABIN;;;;640
200500059349;5;9;15;1210;1;2;1;1;6;445.0;14 JUILLET DU;;;;640
200500059353;5;9;24;1740;1;2;6;1;3;348.0;SANTONA DE;;;;640
200500059356;5;9;29;1215;1;1;6;1;3;269.0;D938;;;;640
200500059374;5;9;27;1815;1;2;1;1;3;260.0;CD 912;;;;640
200500059393;5;9;28;1955;5;2;6;1;3;440.0;BAGNERES (ROND POINT DE);;;;650
200500059394;5;9;29;740;5;2;6;1;3;440.0;ROND-POINT ALSTOM;;;;650
200500059409;5;9;5;1900;1;2;3;1;6;180.0;DESIRE BRUMBT (PLACE);;;;670
200500059416;5;9;2;1200;1;2;1;1;6;482.0;4/6, SAINT GOTHARD (RUE);;;;670
200500059420;5;9;4;1500;1;2;3;1;1;267.0;0, CROIX (RUE DE LA);;;;670
200500059426;5;9;6;1910;1;1;1;1;6;482.0;195/197, OBERHAUSBERGEN;;;;670
200500059431;5;9;8;840;1;2;3;1;6;447.0;ERSTEIN (RUE D );;;;670
200500059432;5;9;8;2015;2;2;1;1;6;482.0;00, ETOILE (PLACE DE L );;;;670
200500059433;5;9;9;1801;1;2;3;1;3;482.0;000, GAZON (RUE DU);;;;670
200500059449;5;9;19;755;1;1;3;1;3;482.0;LIEPVRE (RUE DE);;;;670
200500059458;5;9;22;1600;1;2;1;1;6;482.0;7, LEBLOIS (BOULEVARD);;;;670
200500059461;5;9;23;1630;1;1;1;1;3;218.0;000, FORT UHRICH (ROUTE;;;;670
200500059467;5;9;26;1745;1;2;1;1;6;482.0;00, DOME (RUE DU);;;;670
200500059468;5;9;28;505;5;2;1;8;3;43.0;9, LONGCHAMPS (RUE DE);;;;670
200500059470;5;9;28;1945;5;2;5;1;3;482.0;0, SEBASTIEN BRANT (PLAC;;;;670
200500059473;5;9;29;1415;1;2;1;1;6;218.0;STRASBOURG (ROUTE DE);;;;670
200500059475;5;9;29;2020;5;2;3;1;3;447.0;GLACIERE (RUE DE LA);;;;670
200500059482;5;9;9;1710;2;2;2;1;3;66.0;WINTZENHEIM (ROUTE DE);;;;680
200500059490;5;9;8;1930;1;2;1;1;3;224.0;HOFER (RUE JOSUE);;;;680
200500059497;5;9;21;1010;1;2;1;1;6;224.0;84, ALTKIRCH (AVENUE D');;;;680
200500059502;5;9;23;1233;1;2;1;1;2;224.0;45, CAMUS (RUE ALBERT);;;;680
200500059538;5;9;19;2030;5;2;1;1;2;266.0;28, RUE J JAURES;;;;690
200500059540;5;9;29;2020;5;2;1;1;6;266.0;41, RUE G COURTELINE;;;;690
200500059543;5;9;30;1210;1;2;2;1;3;266.0;1, AV J CAPELLE EST;;;;690
200500059547;5;9;26;1650;1;2;3;1;3;275.0;., JEAN JAURES;;;;690
200500059568;5;9;22;1215;1;2;1;1;6;153.0;62, JAURES (RUE JEAN);;;;710
200500059573;5;9;9;1340;1;2;1;1;6;270.0;14, JEANTON (RUE GABRIEL;;;;710
200500059586;5;9;2;830;1;2;1;1;3;181.0;196, JAURES JEAN (AV) N°;;;;720
200500059598;5;9;9;1845;1;2;1;1;3;181.0;6, OYON ALEXANDRE (BD);;;;720
200500059635;5;9;10;1830;1;2;1;2;7;65.0;0.001, JAURES JEAN (AVEN;;;;730
200500059648;5;9;22;1435;1;2;1;1;6;10.0;PERIMETRE (ROUTE DU);;;;740
200500059660;5;9;24;1555;1;2;2;1;3;200.0;MILLY (AVENUE DE);;;;740
200500059679;5;9;1;1240;1;2;3;1;3;3.0;PL DE LA REPUBLIQUE R DU;;;;750
200500059685;5;9;1;750;1;2;3;8;6;12.0;RTE CEINTURE DU LAC AV D;;;;750
200500059688;5;9;1;1540;1;2;1;1;7;15.0;28 R ROSENWALD;;;;750
200500059691;5;9;1;730;1;2;2;2;3;15.0;R BRANCION R DE VOUILLE;;;;750
200500059694;5;9;1;10;5;2;1;1;3;19.0;70 BD MACDONALD;;;;750
200500059695;5;9;1;915;1;2;1;1;3;19.0;196 BD MACDONALD;;;;750
200500059724;5;9;3;1650;1;2;1;1;3;20.0;134 R D AVRON;;;;750
200500059740;5;9;4;1130;1;2;1;1;4;16.0;L14589 RTE DES TRIBUNES;;;;750
200500059758;5;9;20;1235;1;2;2;1;3;4.0;R RIVOLI R F DUVAL;;;;750
200500059764;5;9;5;1950;1;2;3;1;6;17.0;R DES EPINETTES PASS POU;;;;750
200500059780;5;9;7;1316;1;2;2;1;3;6.0;BD RASPAIL R DE RENNES;;;;750
200500059783;5;9;21;1440;1;2;1;1;3;19.0;6 R RIQUET;;;;750
200500059794;5;9;7;1935;1;2;1;1;6;19.0;24 AV DE FLANDRE;;;;750
200500059796;5;9;8;1000;1;2;1;1;2;1.0;7 R DE TURBIGO;;;;750
200500059803;5;9;8;2105;5;2;1;1;3;8.0;28 R DE COURCELLES;;;;750
200500059804;5;9;22;1850;1;2;1;1;5;20.0;26 AV GAMBETTA;;;;750
200500059817;5;9;8;1850;1;2;5;1;3;14.0;R D ARCUEIL R LIARD;;;;750
200500059831;5;9;27;950;1;2;2;1;3;7.0;AV DUQUESNE AV DE TOURVI;;;;750
200500059847;5;9;10;844;1;2;2;1;3;3.0;R COMMINES BD FILLES CAL;;;;750
200500059849;5;9;10;1120;1;2;3;2;2;8.0;BD DE LA MADELEINE PL DE;;;;750
200500059857;5;9;10;1240;1;2;3;2;3;20.0;ECH MONTREUIL PL PTE DE;;;;750
200500059858;5;9;10;1915;1;2;1;1;3;20.0;106 BD DE BELLEVILLE;;;;750
200500059864;5;9;11;1035;1;2;1;1;7;12.0;272 AV DAUMESNIL;;;;750
200500059865;5;9;11;1235;1;2;1;1;3;13.0;3 BD VINCENT AURIOL;;;;750
200500059866;5;9;11;1720;1;2;3;1;3;16.0;ALL DES ERABLES RTE PTE;;;;750
200500059897;5;9;13;1115;1;2;1;1;4;6.0;4 CAR ODEON;;;;750
200500059898;5;9;13;1520;1;2;3;1;7;7.0;AV DUQUESNE R EBLE;;;;750
200500059918;5;9;14;1640;1;2;2;1;3;10.0;R DE CHABROL R D HAUTEVI;;;;750
200500059925;5;9;14;1715;1;2;1;1;2;17.0;147 R DE ROME;;;;750
200500059933;5;9;15;1655;1;2;1;1;3;12.0;72 AV DE SAINT MANDE;;;;750
200500059970;5;9;17;1320;1;2;1;1;3;16.0;RTE SEVRES A NEUILLY;;;;750
200500059982;5;9;18;1655;1;2;3;1;6;4.0;R FERDINAND DUVAL R DES;;;;750
200500059983;5;9;18;1647;1;2;2;1;2;16.0;RTE PT JOUR SURESNES RTE;;;;750
200500059985;5;9;18;1225;1;2;1;1;2;14.0;82 AV GENERAL LECLERC;;;;750
200500059988;5;9;18;1450;1;2;3;1;3;3.0;PL DE LA REPUBLIQUE R DU;;;;750
200500059995;5;9;19;1925;1;2;2;1;3;9.0;R BOCHART DE SARON AV TR;;;;750
200500060009;5;9;7;1205;1;2;3;1;6;12.0;R MOUSSET ROBERT R SIBUE;;;;750
200500060011;5;9;12;940;1;2;1;2;3;12.0;26 R FG SAINT ANTOINE;;;;750
200500060014;5;9;14;1700;2;2;4;1;6;19.0;R BOTZARIS R DU PLATEAU;;;;750
200500060037;5;9;21;745;1;2;3;1;3;5.0;R CUJAS BD SAINT MICHEL;;;;750
200500060043;5;9;20;1555;1;2;3;1;3;11.0;BD BEAUMARCHAIS R DU CHE;;;;750
200500060045;5;9;20;1525;1;2;3;1;3;12.0;AV DAUMESNIL VLA JEAN GO;;;;750
200500060058;5;9;21;1308;1;2;2;1;3;4.0;R FRANCOIS MIRON R  PONT;;;;750
200500060060;5;9;21;815;1;2;3;1;3;5.0;R LARREY R MONGE;;;;750
200500060063;5;9;21;1610;1;2;2;1;6;19.0;AV JEAN JAURES BD DE LA;;;;750
200500060066;5;9;22;1805;1;2;1;1;3;4.0;46 R DES ARCHIVES;;;;750
200500060073;5;9;22;915;1;2;2;1;2;11.0;R DU GRAND PRIEURE R J P;;;;750
200500060086;5;9;23;1449;1;2;1;1;2;7.0;L2563 BD DES INVALIDES;;;;750
200500060125;5;9;27;925;1;2;1;1;2;3.0;16 R DU PARC ROYAL;;;;750
200500060156;5;9;24;2100;2;2;3;1;6;20.0;R DES ORTEAUX R DES RASS;;;;750
200500060159;5;9;25;1354;1;2;3;1;1;20.0;R DES HAIES R PLANCHAT;;;;750
200500060164;5;9;26;1700;1;2;1;1;3;14.0;96 BD ARAGO;;;;750
200500060172;5;9;27;2140;5;2;2;2;2;7.0;R DE GRENELLE BD RASPAIL;;;;750
200500060180;5;9;27;1955;5;2;1;2;6;5.0;142 R MOUFFETARD;;;;750
200500060191;5;9;28;1400;1;2;2;1;3;18.0;BD BARBES R ORDENER;;;;750
200500060231;5;9;29;1710;1;2;3;1;6;10.0;R MARTEL R PETITES ECURI;;;;750
200500060263;5;9;30;1750;1;2;2;2;3;11.0;R FBG ST ANTOINE PASS DE;;;;750
200500060300;5;9;23;1650;1;2;1;1;2;14.0;64 R DU MOULIN VERT;;;;750
200500060308;5;9;26;937;1;2;1;1;3;1.0;50 R DU LOUVRE;;;;750
200500060351;5;9;16;1220;1;2;1;2;3;561.0;26, LECLERC. RUE DU MARE;;;;760
200500060352;5;9;5;1720;1;2;2;1;1;351.0;ARISTIDE BRIAND <313;;;;760
200500060362;5;9;26;1705;1;2;5;1;3;351.0;CAVEE VERTE (DE LA);;;;760
200500060414;5;9;26;1523;1;1;1;1;2;268.0;EUROPE ( BOULEVARD DE L';;;;770
200500060420;5;9;21;1725;1;2;2;1;3;42.0;00.00, SAINT LAURENT (RU;;;;770
200500060421;5;9;22;1917;1;2;1;1;1;131.0;MAL DE LATTRE DE TASSIGN;;;;770
200500060441;5;9;23;1600;1;2;2;1;3;243.0;SAINT LAURENT  (RUE   );;;;770
200500060455;5;9;29;1545;1;2;1;1;2;475.0;RN 3;;;;770
200500060457;5;9;9;1630;1;2;2;1;3;445.0;PARIS (RUE DE);;;;770
200500060474;5;9;17;930;1;1;2;1;3;296.0;CD 57;;;;770
200500060476;5;9;21;1835;1;2;3;1;3;296.0;BAJOT(RUE);;;;770
200500060486;5;9;19;2035;5;2;1;1;6;83.0;LUZARD (COURS DU);;;;770
200500060497;5;9;27;1325;1;2;3;1;3;373.0;MONTHETY (RUE);;;;770
200500060507;5;9;12;1330;1;2;6;8;6;5.0;HUIT MAI 1945 (RUE DU);;;;780
200500060509;5;9;15;1710;1;2;1;9;7;172.0;BERTEAUX (RUE MAURICE);;;;780
200500060510;5;9;15;1825;1;2;1;1;6;15.0;SCHWEISGUTH (RUE DU GENE;;;;780
200500060515;5;9;7;1200;1;2;6;1;3;168.0;ARPENTS (BOULEVARD DES);;;;780
200500060518;5;9;29;818;1;2;1;1;7;208.0;Indét, FRISE (AVENUE DE;;;;780
200500060520;5;9;4;2130;5;2;1;1;3;297.0;000000, GARENNES (AVENUE;;;;780
200500060522;5;9;13;710;5;2;6;9;6;297.0;ROUTE DE SAINT CYR;;;;780
200500060542;5;9;14;945;1;1;1;1;2;498.0;113, MALADRERIE AV DE LA;;;;780
200500060549;5;9;1;1300;1;2;3;1;1;498.0;FOCH AV;;;;780
200500060581;5;9;28;720;2;2;2;1;3;586.0;VILLOING (ROBERT) N°1 A;;;;780
200500060593;5;9;10;1200;1;2;5;3;6;646.0;SAINT CLOUD (AVENUE DE);;;;780
200500060596;5;9;14;615;5;2;2;1;3;158.0;Néant, DUTARTRE (AVENUE);;;;780
200500060598;5;9;17;1005;1;2;2;1;3;646.0;NEANT, SAINT ANTOINE (BO;;;;780
200500060608;5;9;3;1645;1;2;3;1;3;146.0;1, JEAN JAURES (BOULEVAR;;;;780
200500060618;5;9;2;1900;1;2;3;1;3;21.0;0, REPUBLIQUE (RUE DE LA;;;;800
200500060622;5;9;5;1815;1;2;1;1;3;21.0;FAUBOURG DE HEM (RUE DU);;;;800
200500060624;5;9;6;1125;1;2;6;1;3;21.0;0, GENERAL DE GAULLE (AV;;;;800
200500060625;5;9;7;1625;1;2;1;1;3;21.0;37, JEAN CATELAS (RUE);;;;800
200500060629;5;9;12;2350;5;2;1;1;1;21.0;264, GAUTHIER DE RUMILLY;;;;800
200500060641;5;9;20;1335;1;2;1;1;2;21.0;FRANKLIN ROOSEVELT (RUE);;;;800
200500060647;5;9;24;1705;1;2;1;1;3;674.0;DEFENSE PASSIVE (AVENUE;;;;800
200500060670;5;9;26;1645;1;2;1;1;3;33.0;MARCET (Baptiste);;;;820
200500060717;5;9;4;1400;1;1;3;1;1;137.0;670, TROLLEY DE PREVEAUX;;;;830
200500060733;5;9;19;1425;1;2;1;1;1;137.0;0, NICOLAS (BD COMMANDAN;;;;830
200500060738;5;9;23;1630;1;2;3;1;3;137.0;4329, ESCARTEFIGUE (CORN;;;;830
200500060740;5;9;18;1800;1;2;6;3;3;137.0;0, SCARONNE (ROND POINT;;;;830
200500060751;5;9;2;1655;1;2;1;1;3;7.0;OULLE(rue du rempart de);;;;840
200500060776;5;9;29;1550;1;2;9;1;3;7.0;SAINT ROCH (Boulevard);;;;840
200500060805;5;9;12;1430;1;2;1;1;6;194.0;LAFARGUE (PROMENADE DE L;;;;850
200500060811;5;9;1;1355;1;1;1;1;4;66.0;D 161 - ROCADE EST;;;;860
200500060812;5;9;25;1315;1;1;3;1;3;66.0;D 9;;;;860
200500060826;5;9;8;1125;1;2;3;1;3;194.0;., BEAULIEU (RUE DE);;;;860
200500060831;5;9;13;1740;1;2;6;1;3;194.0;QUINCAY (RUE DE);;;;860
200500060833;5;9;15;1440;1;2;2;1;6;194.0;JOHN KENNEDY (AVENUE);;;;860
200500060838;5;9;16;1705;1;2;1;3;6;194.0;91, GRAND CERF (BOULEVAR;;;;860
200500060844;5;9;22;1825;1;2;6;1;3;194.0;NORTHAMPTON (AVENUE DE);;;;860
200500060885;5;9;21;1002;1;2;1;1;6;85.0;31, GALLIENI (RUE);;;;870
200500060916;5;9;8;1040;1;2;2;1;3;387.0;0, MAIL (BOULEVARD DU);;;;890
200500060917;5;9;10;1715;1;2;1;1;6;387.0;0, SENIGALLIA (AVENUE DE;;;;890
200500060920;5;9;2;1705;1;2;1;1;3;10.0;JAURES (AVENUE JEAN) DE;;;;900
200500060925;5;9;10;1345;1;2;1;1;2;10.0;MONTBELIARD (FAUBOURG DE;;;;900
200500060926;5;9;13;2210;5;2;1;1;6;10.0;70, JAURES (AVENUE JEAN);;;;900
200500060931;5;9;27;815;1;2;1;1;6;10.0;13, VESOUL (RUE DE);;;;900
200500060968;5;9;30;1130;1;1;1;1;6;223.0;LIBEARTION Avenue de la;;;;910
200500060970;5;9;2;1305;1;2;1;1;3;182.0;., BEREGOVOY (AVENUE PIE;;;;910
200500060982;5;9;28;2225;5;2;9;1;6;228.0;., COQUIBUS(BD);;;;910
200500061005;5;9;20;1230;1;2;1;1;3;122.0;CHARLES DE GAULLE(RUE);;;;910
200500061006;5;9;22;1740;1;2;6;1;2;692.0;0, Rond point Ile de Fra;;;;910
200500061036;5;9;1;1845;1;2;1;1;6;12.0;23, ALPHONSE LE GALLO (Q;;;;920
200500061047;5;9;23;1230;1;2;1;1;6;12.0;119, CHATEAU (RUE DU) 1/;;;;920
200500061066;5;9;12;815;1;2;3;2;5;60.0;REPUBLIQUE (AVENUE DE LA;;;;920
200500061080;5;9;12;912;1;2;1;1;3;25.0;VALMY (BD DE);;;;920
200500061129;5;9;4;1255;1;2;3;1;3;49.0;209, BROSSOLETTE AVENUE;;;;920