Num_Acc;an;mois;jour;hrmn;lum;agg;int;atm;col;com;adr;gps;lat;long;dep
200500061134;5;9;16;2131;2;2;2;1;3;20.0;ROISSYS RUE DES AUTRES N;;;;920
200500061148;5;9;28;1700;1;2;1;1;3;50.0;73, SADI CARNOT RUE;;;;920
200500061160;5;9;21;1610;1;2;1;1;6;51.0;18 ter, MADELEINE MICHEL;;;;920
200500061164;5;9;26;905;1;2;1;1;6;51.0;48, INKERMANN (BOULEVARD;;;;920
200500061203;5;9;14;1725;1;2;1;1;7;75.0;75, JEAN BLEUZEN (RUE);;;;920
200500061237;5;9;8;620;5;2;2;1;2;5.0;ignoré, CHARLES FLOQUET;;;;930
200500061270;5;9;9;1130;1;2;1;1;6;29.0;1, PAUL VAILLANT COUTURI;;;;930
200500061272;5;9;20;1210;1;2;3;1;6;29.0;HENRI BARBUSSE (AVE) N°1;;;;930
200500061279;5;9;8;1850;1;2;9;1;3;31.0;2, ROUTE D'ARGENTEUIL;;;;930
200500061357;5;9;24;1755;1;2;2;1;1;55.0;, CANDALE;;;;930
200500061375;5;9;5;1145;1;2;1;1;2;66.0;, JOLIOT CURIE IRENE ET;;;;930
200500061377;5;9;6;1850;1;2;3;1;3;66.0;WOOG JACQUES;;;;930
200500061378;5;9;5;2140;5;2;3;1;3;66.0;15, PORT;;;;930
200500061386;5;9;14;1315;1;2;1;1;3;66.0;15, MOULIN JEAN (AVE) NR;;;;930
200500061392;5;9;25;1050;1;2;9;1;6;66.0;"16, ""PERI GABRIEL, NR 2";;;;930
200500061454;5;9;19;1640;1;2;2;1;3;17.0;COLOMBE HARDELET (AV);;;;940
200500061471;5;9;21;900;1;2;1;1;2;59.0;29, MAURICE BERTEAUX (AV;;;;940
200500061538;5;9;4;2030;2;2;1;1;3;41.0;MARCEL BOYER (QU);;;;940
200500061544;5;9;16;1720;1;2;3;1;3;46.0;229, GENERAL LECLERC (AV;;;;940
200500061548;5;9;28;1710;1;2;1;1;1;46.0;2 bis, RODIER (R);;;;940
200500061553;5;9;25;1100;1;2;1;1;2;52.0;9, MARECHAL JOFFRE (AV D;;;;940
200500061569;5;9;27;1820;1;2;1;2;1;80.0;26, DIDEROT (R);;;;940
200500061575;5;9;16;1700;1;2;1;1;6;81.0;48, PAUL VAILLANT COUTUR;;;;940
200500061591;5;9;15;1300;1;2;1;1;6;18.0;GALLIENI (BOULEVARD);;;;950
200500061615;5;9;26;905;1;2;1;1;3;210.0;LECLERC (AVENUE DE LA DI;;;;950
200500061619;5;9;6;1055;1;2;1;2;3;252.0;RHIN ET DANUBE (BOULEVAR;;;;950
200500061626;5;9;23;1710;1;2;1;1;2;491.0;CESAR (CHAUSSEE JULES);;;;950
200500061630;5;9;27;1835;1;2;1;2;3;219.0;GEORGES POMPIDOU (AVENUE;;;;950
200500061649;5;9;9;1810;1;2;1;3;3;585.0;HEUDE (RUE DU PERE);;;;950
200500061650;5;9;22;1405;1;2;1;1;1;585.0;PEGUY (AVENUE CHARLES );;;;950
200500061885;5;9;8;1910;1;2;3;1;3;382.0;86, CHARITE (DE LA);;;;690
200500061892;5;9;15;1452;1;2;1;1;3;382.0;18, DOCTEUR GAILLETON (D;;;;690
200500061894;5;9;27;1810;1;2;3;1;3;382.0;JACOBINS (DES);;;;690
200500061955;5;9;17;50;5;2;1;1;3;383.0;VILLEROY;;;;690
200500061961;5;9;24;1455;1;2;1;1;3;386.0;JULES FERRY;;;;690
200500061970;5;9;7;1500;1;2;2;1;3;384.0;42, CANUTS (DES);;;;690
200500062030;5;9;16;1545;1;2;1;1;6;387.0;GERLAND (DE);;;;690
200500062038;5;9;2;2100;5;2;1;1;6;388.0;206, VIENNE (DE);;;;690
200500062043;5;9;26;1320;1;2;1;1;3;388.0;149, VIENNE (DE);;;;690
200500062145;5;8;2;1420;1;1;1;6;7;351.0;VAN GOGH ALLEE;;;;300
200500062154;5;7;13;1510;1;1;1;1;6;3.0;MARSEILLAN (A16 A B15;;;;340
200500062156;5;5;26;1225;1;2;3;1;3;288.0;0000000, ANTILLES (RUE D;;;;350
200500062159;5;8;11;1830;1;2;2;1;3;288.0;ECOLES (RUE DES);;;;350
200500062166;5;9;22;830;1;2;1;1;6;185.0;00, BLUM (AVENUE L.);;;;380
200500062177;5;8;22;1630;1;2;2;1;6;232.0;LABARRE (RUE PAULIN);;;;450
200500062184;5;9;9;1745;1;2;1;1;1;147.0;ADJUDANT CHEF GAUTHIER (;;;;450
200500062191;5;9;24;930;1;2;2;1;3;234.0;MURLINS (RUE DES MURLINS;;;;450
200500062192;5;9;23;1720;1;2;6;1;6;234.0;PATAY (RUE DE);;;;450
200500062200;5;9;24;1735;1;2;2;1;6;227.0;COLLERIE(RUE DE LA );;;;570
200500062238;5;3;29;1850;1;2;3;2;1;57.0;132, ZOLA (AL. EMILE);;;;930
200500062258;5;6;18;2040;1;2;1;2;2;10.0;MOULIN (AV. JEAN) COTE I;;;;930
200500062259;5;6;28;1630;1;2;1;1;3;57.0;11, ROSNY (AL. DE);;;;930
200500062279;5;9;20;1900;1;2;3;1;3;78.0;LEDOUX (RUE CLAUDE NICOL;;;;930
200500062434;5;10;18;715;3;1;1;1;2;94.0;Route du GUINDAL - CD 02;M;0.0;0.0;590
200500062436;5;10;30;2045;3;1;1;1;2;404.0;;M;5104400.0;253800.0;590
200500062443;5;10;16;945;1;1;1;1;6;202.0;CD 22 Bis, rue Delestrez;M;0.0;0.0;590
200500062446;5;10;3;1315;1;2;1;1;3;434.0;Rue du Rivage;M;5047400.0;346500.0;590
200500062490;5;10;17;2215;5;2;1;1;1;486.0;GRANDE RUE;M;5004300.0;198000.0;800
200500062492;5;10;29;1930;3;1;1;1;2;260.0;CV 201;M;0.0;0.0;800
200500062497;5;10;15;1730;1;2;2;1;3;70.0;Rue Alfred Delannoy;M;5009000.0;239000.0;800
200500062523;5;10;4;1245;1;2;1;1;3;131.0;Rue de Broyon;M;0.0;0.0;20
200500062551;5;10;9;1845;1;2;3;1;3;406.0;rue RENE LEJEUNE;M;4932100.0;254900.0;600
200500062577;5;10;18;1630;1;2;6;1;3;141.0;ROUTE DES AIGLES;M;4919700.0;246400.0;600
200500062578;5;10;31;1400;1;2;1;1;1;176.0;avenue de senlis;M;4923700.0;288600.0;600
200500062588;5;10;15;2045;3;1;1;1;2;50.0;;M;0.0;0.0;760
200500062615;5;10;27;1630;1;2;1;7;5;294.0;Hameau le Buquet;M;0.0;0.0;760
200500062624;5;10;6;1115;1;1;1;1;1;159.0;;M;4877900.0;91000.0;270
200500062639;5;10;25;2100;3;1;1;1;1;667.0;;M;4912100.0;62400.0;270
200500062649;5;10;23;1545;1;1;3;1;3;243.0;;M;0.0;0.0;270
200500062652;5;10;27;1215;1;2;1;1;1;218.0;RUE DU STADE;M;4928200.0;44300.0;270
200500062660;5;10;2;1125;1;2;1;1;6;196.0;Place Saint Pierre;M;0.0;0.0;350
200500062683;5;10;9;1200;1;1;1;1;1;389.0;;M;4848900.0;-265600.0;220
200500062692;5;10;4;1830;1;1;1;1;3;333.0;;M;4825300.0;-245000.0;220
200500062731;5;10;19;945;1;2;1;1;2;186.0;Avenue DE GAULLE;M;4749000.0;-311900.0;560
200500062752;5;10;11;1945;3;1;1;1;2;520.0;;M;0.0;0.0;140
200500062761;5;10;23;845;1;1;1;7;2;723.0;;M;0.0;0.0;140
200500062784;5;10;29;1945;3;1;1;1;3;97.0;;M;0.0;0.0;500
200500062815;5;10;7;1630;1;1;1;1;6;7.0;;M;4765000.0;-190800.0;440
200500062825;5;10;4;900;1;2;6;1;1;211.0;Boulevard de l'Europe;M;0.0;0.0;440
200500062834;5;10;1;1030;1;2;6;1;3;158.0;Route de Coueron;M;4727800.0;-177800.0;440
200500062848;5;10;30;1115;1;1;3;1;3;212.0;;M;4739700.0;-87600.0;490
200500062858;5;10;4;1645;1;1;1;7;3;269.0;hemin vicinal numéro 02.;M;0.0;0.0;490
200500062860;5;10;3;1215;1;2;1;1;1;145.0;rue st Martin;M;0.0;0.0;490
200500062912;5;10;28;1715;1;2;1;2;1;178.0;RUE DES MOULINS DES ORAN;M;0.0;0.0;850
200500062930;5;10;27;930;1;2;1;1;6;243.0;rue des Libertins;M;4660000.0;-182000.0;850
200500062938;5;10;10;2030;3;1;1;1;6;498.0;;M;4451100.0;-87700.0;330
200500062955;5;10;16;1100;1;1;1;1;7;496.0;;M;4484500.0;-40400.0;330
200500062979;5;10;11;900;1;1;1;1;3;394.0;;M;4489900.0;-20100.0;330
200500063026;5;10;12;730;3;2;1;1;6;217.0;Piste cyclable LAHITTE;M;0.0;0.0;400
200500063066;5;10;11;1800;1;2;3;1;5;29.0;Le Bourg - LA Sauvetat -;M;0.0;0.0;470
200500063075;5;10;10;1650;1;1;1;1;5;495.0;Pont Ohla;M;0.0;0.0;640
200500063079;5;10;20;1830;1;1;1;1;5;301.0;;M;4340900.0;-68600.0;640
200500063169;5;10;11;1800;1;2;1;1;3;202.0;rue Pierre de Ronsard;M;0.0;0.0;790
200500063173;5;10;8;1045;1;1;1;1;2;5.0;"Lieu-dit ""Repéroux"".";M;0.0;0.0;790
200500063177;5;10;23;1015;1;1;1;2;7;24.0;route de Malaval;M;0.0;0.0;870
200500063191;5;10;14;1330;1;2;1;1;3;123.0;Avenue Molière;M;4516700.0;156400.0;190
200500063209;5;10;10;615;3;1;1;1;2;297.0;;M;0.0;0.0;310
200500063277;5;10;30;950;1;2;1;1;3;123.0;SAINTE MARIE DE CAMPAN;M;4298700.0;23100.0;650
200500063338;5;10;27;1845;3;1;1;1;1;65.0;;M;0.0;0.0;690
200500063385;5;10;27;845;1;2;1;1;2;443.0;182 Avenue Pasteur;M;0.0;0.0;10
200500063428;5;10;8;1000;1;2;1;1;1;333.0;rue des malles;M;4517700.0;481800.0;260
200500063470;5;10;27;1315;1;1;1;6;7;336.0;;M;0.0;0.0;380
200500063491;5;10;19;1330;1;1;1;1;1;151.0;;M;0.0;0.0;420
200500063498;5;10;15;1630;1;1;1;1;1;338.0;"eu dit ""les  3 moineaux""";M;0.0;0.0;420
200500063512;5;10;17;1630;1;1;1;1;2;85.0;"Lieu-dit ""Groisin""";M;4580100.0;586000.0;730
200500063531;5;10;9;1745;1;2;9;1;3;224.0;RUE DU DR PELLOUX;M;4606400.0;631100.0;740
200500063535;5;10;5;1215;1;2;1;1;2;256.0;625 RUE CANCELLIERI;M;0.0;0.0;740
200500063588;5;10;20;745;1;1;1;1;2;118.0;;M;0.0;0.0;30
200500063595;5;10;26;1050;1;1;1;1;2;231.0;D679;M;0.0;0.0;150
200500063618;5;10;16;1645;1;1;1;1;5;204.0;;M;0.0;0.0;570
200500063624;5;10;31;1645;1;2;1;8;1;413.0;rue des Alliés;M;0.0;0.0;570
200500063643;5;10;7;1615;1;1;1;1;2;115.0;rue Gabriel Bour;M;0.0;0.0;540
200500063670;5;10;30;915;1;2;9;1;3;291.0;rue LEROUX;M;0.0;0.0;550
200500063677;5;10;26;1545;1;2;1;1;6;266.0;RUE DE LA CROISETTE;M;4817700.0;666900.0;880
200500063696;5;10;17;2030;3;1;1;1;3;34.0;;M;0.0;0.0;880
200500063704;5;10;21;1815;2;2;1;2;3;914.0;Face au n°73 grand'rue;M;0.0;0.0;670
200500063728;5;10;4;1430;1;1;3;1;6;295.0;;M;0.0;0.0;670
200500063730;5;10;24;1600;1;1;1;1;1;544.0;;M;0.0;0.0;670
200500063735;5;10;19;2100;3;1;1;1;1;7.0;;M;4807000.0;740000.0;680
200500063737;5;10;8;1830;2;1;1;1;1;173.0;;M;4812300.0;718400.0;680
200500063747;5;10;20;1600;1;2;1;1;3;4.0;2 route de Thann;M;4763600.0;723700.0;680
200500063748;5;10;26;1800;1;2;1;1;1;75.0;Rue de l'ILL - CD 9 bis;M;0.0;0.0;680
200500063757;5;10;21;1000;1;2;6;1;3;43.0;RUE DE MULHOUSE;M;0.0;0.0;680
200500063807;5;10;12;1440;1;2;1;1;3;211.0;Rue martin Luther King;M;0.0;0.0;100
200500063809;5;10;29;1715;1;2;1;1;3;270.0;26 rue Cornue;M;0.0;0.0;100
200500063815;5;10;27;930;1;2;1;7;3;323.0;Rue aristide Briand;M;4851500.0;372200.0;100
200500063839;5;10;13;1615;1;2;1;1;3;38.0;62 av G de Gaulle;M;4718800.0;540000.0;210
200500063935;5;10;26;1630;1;2;1;7;1;287.0;RUE DE L'EGLISE;M;4720200.0;590400.0;250
200500063958;5;10;11;1930;5;2;6;1;3;367.0;Rue Germain Paget;M;4654700.0;602100.0;390
200500063966;5;10;14;1430;1;1;1;1;1;561.0;;M;4758700.0;643200.0;700
200500064053;5;10;30;1545;1;2;1;1;3;64.0;chemin André MALRAUX;M;0.0;0.0;830
200500064056;5;10;25;1630;1;1;1;1;7;116.0;;M;0.0;0.0;830
200500064060;5;10;9;1215;1;1;1;1;1;68.0;;M;4328700.0;649500.0;830
200500064073;5;10;28;1715;1;2;1;7;1;19.0;ROUTE DE BENAT;M;4313600.0;635200.0;830
200500064078;5;10;25;800;1;2;6;1;1;54.0;ROND POINT DU STADE;M;4317700.0;602800.0;830
200500064089;5;10;13;1500;1;1;1;1;1;136.0;;M;4415600.0;497200.0;840
200500064103;5;10;7;645;3;1;1;1;3;327.0;;M;0.0;0.0;340
200500064148;5;10;6;1630;1;1;1;1;3;82.0;;M;0.0;0.0;300
200500064162;5;10;28;1415;1;2;3;1;3;223.0;Le saut du loup;M;0.0;0.0;300
200500064175;5;10;25;1730;1;2;1;1;3;336.0;cours Lafayette;M;0.0;0.0;300
200500064233;5;10;16;1045;1;1;1;1;5;623.0;;M;4879600.0;188400.0;780
200500064247;5;10;31;900;1;1;1;1;1;69.0;;M;0.0;0.0;910
200500064257;5;10;7;2100;3;1;1;1;1;494.0;CD 312;M;0.0;0.0;910
200500064294;5;10;18;930;1;1;1;1;1;483.0;;M;0.0;0.0;770
200500064295;5;10;1;1415;1;2;1;1;3;430.0;rue du Plessis;M;4908100.0;278300.0;770
200500064307;5;10;10;1100;1;2;1;1;3;82.0;RUE DE LA VRILLIERE;M;0.0;0.0;450
200500064379;5;10;27;1515;1;1;1;1;3;34.0;;M;0.0;0.0;360
200500064409;5;10;24;1730;1;2;6;1;2;276.0;D957;M;0.0;0.0;410
200500064414;5;10;27;1215;1;1;1;1;2;267.0;CD 28, PK 4 + 500;M;0.0;0.0;410
200500064436;5;10;22;1340;1;2;1;8;3;283.0;CD259, rue de Saverne;M;4870100.0;737700.0;670
200500064439;5;10;8;1845;1;2;1;7;3;515.0;Route de Gray;M;4733500.0;508200.0;210
200500064635;5;10;8;645;3;1;1;1;2;318.0;;M;4934500.0;-49600.0;140
200500064687;5;10;16;1200;1;1;6;1;3;47.0;;M;0.0;0.0;300
200500064704;5;10;23;1045;1;1;1;1;2;150.0;;M;4300000.0;100000.0;310
200500064721;5;10;27;1300;1;2;1;1;7;100.0;AVENUE DE VERDUN;M;0.0;0.0;690
200500064726;5;10;25;1545;1;2;3;1;3;53.0;sans, GERAL (RUE MARIA);;;;10
200500064730;5;10;2;930;1;2;9;1;3;691.0;144, DESMOULINS (RUE CAM;;;;20
200500064766;5;10;5;1802;1;2;9;1;3;23.0;2, 4° RTM (AVENUE DU);;;;50
200500064777;5;10;16;924;1;2;1;1;3;4.0;126, POINCARE BD RAYMOND;;;;60
200500064782;5;10;20;1740;2;2;1;1;6;4.0;REPUBLIQUE RUE DE LA;;;;60
200500064789;5;10;31;1420;1;2;1;8;6;4.0;GAROUPE CH.DE LA;;;;60
200500064812;5;10;29;805;1;2;1;1;1;27.0;LIBERATION CARREFOUR DE;;;;60
200500064817;5;10;4;723;2;1;1;2;3;29.0;148, JOURDAN (AVENUE MIC;;;;60
200500064826;5;10;7;1203;1;2;1;1;2;29.0;110, TONNER (AVENUE FRAN;;;;60
200500064831;5;10;9;1730;1;2;1;1;7;29.0;2, ST PIERRE (QUAI);;;;60
200500064839;5;10;12;1120;1;2;1;1;7;30.0;88, ROOSEVELT (AVENUE FR;;;;60
200500064842;5;10;17;1240;1;2;1;1;3;29.0;80, CLEMENCEAU (RUE GEOR;;;;60
200500064883;5;10;29;1000;1;2;1;1;6;83.0;1502, SOLEIL (PROMENADE;;;;60
200500064923;5;10;9;1230;1;2;1;1;3;88.0;26, QUAI LUNEL;;;;60
200500064924;5;10;9;1600;1;2;3;1;3;88.0;1, VALERY (R. PAUL);;;;60
200500064925;5;10;9;1620;1;2;1;1;3;88.0;7, TRACHEL (RUE);;;;60
200500064930;5;10;10;1250;1;2;1;1;7;88.0;46, SAINTE-ROSALIE (CORN;;;;60
200500064966;5;10;16;1200;1;2;1;1;3;88.0;45, ANGLAIS (A PARTIR DU;;;;60
200500064972;5;10;17;920;1;2;1;1;3;88.0;134, RIMIEZ (AV. DE);;;;60
200500064998;5;10;21;1635;1;2;3;1;2;88.0;0, FAURE (AV. FELIX);;;;60
200500065005;5;10;23;1650;1;2;1;1;3;88.0;35, CESSOLE (BD DE) (JUS;;;;60
200500065012;5;10;25;1340;1;2;1;1;6;88.0;0, ANGLAIS (DU N° 45 AU;;;;60
200500065031;5;10;30;1140;1;2;1;1;2;88.0;227, ANGLAIS (DU N° 114;;;;60
200500065048;5;10;7;1430;1;2;2;1;3;105.0;1, EGLISE RUE;;;;80
200500065050;5;10;10;1000;1;2;5;1;3;105.0;COISPINE R.;;;;80
200500065059;5;10;7;1520;1;2;1;1;3;225.0;00, MAQUISARDS PROMENADE;;;;90
200500065067;5;10;10;1815;1;2;6;1;2;387.0;000, GOURNAY (RUE DE);;;;100
200500065074;5;10;23;1730;2;2;1;1;3;343.0;30, AUGUSTE TERRENOIRE (;;;;100
200500065089;5;10;7;735;2;2;1;1;3;145.0;74, JAURES JEAN (AVENUE);;;;120
200500065091;5;10;5;1400;1;2;1;1;2;145.0;379, LOUGA;;;;120
200500065107;5;10;2;825;1;2;6;7;2;4.0;RN 570;;;;130
200500065113;5;10;18;1950;5;2;3;2;5;4.0;EMILE FASSIN RUE;;;;130
200500065115;5;10;24;1420;1;2;1;1;3;4.0;LICES BOULEVARD DES;;;;130
200500065142;5;10;1;1810;1;2;1;1;2;55.0;PIERRE MENARD (BD);;;;130
200500065187;5;10;6;1745;1;2;1;8;3;55.0;TASSIGNY (AV M. DE LATTR;;;;130
200500065213;5;10;8;1006;1;2;2;1;3;55.0;BAILLE (BD);;;;130
200500065214;5;10;12;1915;5;2;4;1;2;55.0;MAZARGUES (AVENUE DE);;;;130
200500065238;5;10;17;1540;1;1;1;1;7;2.0;THERMES (ROUTE DES);;;;130
200500065242;5;10;19;2030;2;2;1;1;6;55.0;ESPLANADE X (RUE);;;;130
200500065302;5;10;12;1905;2;2;3;1;7;55.0;FRANCOIS SIMON (RUE);;;;130
200500065313;5;10;11;1750;1;2;1;1;2;55.0;183, LACHAMP (ROUTE LEON;;;;130
200500065359;5;10;27;1730;1;2;6;1;1;55.0;38, JOLIOT CURI (RUE);;;;130
200500065364;5;10;5;1515;1;2;1;1;3;55.0;CADE (RUE);;;;130
200500065418;5;10;28;1515;1;2;2;1;3;55.0;JAUBERT (RUE);;;;130
200500065419;5;10;22;2015;5;2;1;1;3;55.0;DOCTEUR OLMER (BD);;;;130
200500065441;5;10;21;1240;1;2;3;1;3;77.0;MER (avenu de la);;;;130
200500065488;5;10;3;810;1;2;1;1;3;300.0;120, NORMANDIN   RUE EMI;;;;170
200500065489;5;10;10;1405;1;2;1;1;3;300.0;00, REPUBLIQUE   BOULEVA;;;;170
200500065496;5;10;8;1815;1;2;1;1;6;300.0;84, SAUTEL  BOULEVARD AN;;;;170
200500065499;5;10;10;850;1;2;1;1;3;300.0;DURAND   QUAI LOUIS;;;;170
200500065501;5;10;10;1713;1;2;1;1;3;300.0;23, LECLERC   AVENUE DU;;;;170
200500065504;5;10;12;1100;1;2;2;1;3;300.0;MAUBEC   QUAI;;;;170
200500065514;5;10;25;1910;5;2;9;1;3;300.0;2, PISSARO   RUE CAMILLE;;;;170
200500065531;5;10;1;930;1;2;1;1;3;415.0;SAINTONGE PONT A RUE GAU;;;;170
200500065568;5;10;17;745;1;2;3;1;2;31.0;30, GUYNEMER (AVENUE);;;;190
200500065598;5;10;3;843;1;2;3;2;3;231.0;ALBERT PREMIER (AVENUE);;;;210
200500065606;5;10;6;810;1;2;3;1;3;231.0;COLONEL PICARD (RUE);;;;210
200500065622;5;10;12;1440;1;2;3;1;2;231.0;33, CORVEE (DE LA) (RUE);;;;210
200500065623;5;10;12;1725;1;2;6;1;3;231.0;LANGRES (DE) (AVENUE);;;;210
200500065631;5;10;15;1830;1;2;3;1;3;278.0;SOURCE (DE LA) (RUE);;;;210
200500065633;5;10;15;2335;5;2;3;1;3;231.0;METZ (DE) (RUE);;;;210
200500065634;5;10;16;2021;5;2;1;1;6;231.0;3bis, DEVOSGE (RUE);;;;210
200500065691;5;10;4;1550;1;2;1;3;6;56.0;1, GRIFFON  PLACE;;;;250
200500065695;5;10;3;1847;2;2;1;2;1;56.0;15, ILE DE FRANCE AVENUE;;;;250
200500065703;5;10;14;1540;1;2;4;1;3;56.0;SANS, BRUAND RUE NICOLAS;;;;250
200500065706;5;10;17;830;1;2;3;1;1;56.0;SANS, CHAR  RUE RENE;;;;250
200500065708;5;10;13;1657;1;2;1;1;3;56.0;79, DOLE RUE DE <82;;;;250
200500065721;5;10;28;530;5;2;1;5;2;388.0;GRAND -CHARMONT (ROUTE D;;;;250
200500065723;5;10;20;1545;1;1;1;1;3;204.0;47, Grande rue;;;;250
200500065728;5;10;11;1720;1;2;2;1;6;281.0;ROURE REMY(BOULEVARD);;;;260
200500065734;5;10;8;1815;1;2;1;1;2;362.0;72, ROMANS AVENUE DE (10;;;;260
200500065742;5;10;20;1215;1;2;2;1;1;58.0;sans n, BERGER RUE LOUIS;;;;260
200500065820;5;10;8;1510;1;1;1;1;3;51.0;0, Papeterie rue de la;;;;290
200500065822;5;10;24;700;5;2;3;1;6;232.0;66, BREST ROUTE DE;;;;290
200500065850;5;10;8;1422;1;2;1;1;1;189.0;2185, TERRES DE ROUVIERE;;;;300
200500065853;5;10;10;903;1;1;6;1;3;189.0;., ALLENDE SALVADOR (RUE;;;;300
200500065858;5;10;13;1359;1;2;2;1;3;189.0;., BERTREUX ROGER (RUE);;;;300
200500065872;5;10;26;835;1;1;1;1;1;189.0;., CARREAU DE LANES (CHE;;;;300
200500065881;5;10;1;1920;5;2;2;1;3;11.0;0,0000, ALIZES RUE DES;;;;300
200500065887;5;10;17;1930;1;2;1;1;3;149.0;14, NAUROUZE (ALLEE DE);;;;310
200500065899;5;10;5;1635;1;2;1;1;3;555.0;250, RTE DE NARBONNE;;;;310
200500065959;5;10;19;750;2;2;1;1;6;555.0;92, RUE DU FAUBOURG BONN;;;;310
200500065960;5;10;18;740;2;2;1;1;3;555.0;15, AV JULES JULIEN;;;;310
200500065981;5;10;25;1650;1;2;1;1;3;555.0;12, BD DE LA MARQUETTE;;;;310
200500065988;5;10;27;935;1;2;2;1;3;555.0;17, CHE DE BASSO CAMBO;;;;310
200500065990;5;10;27;1650;1;2;1;1;6;555.0;10, AV DE L EUROPE;;;;310
200500066009;5;10;7;1515;1;2;2;1;3;13.0;CORMORANS;;;;320
200500066022;5;10;3;2345;5;2;1;1;2;63.0;11, QUAI DES CHARTRONS;;;;330
200500066027;5;10;4;1152;1;2;1;1;3;63.0;6, AVE CHARLES DE GAULLE;;;;330
200500066035;5;10;3;1340;1;2;2;1;3;75.0;RUE JULES LADOUMEGUE;;;;330
200500066036;5;10;8;1420;1;2;2;1;3;63.0;RUE CHARLES MARIONNEAU;;;;330
200500066037;5;10;7;1600;1;2;2;1;6;63.0;BD ALBERT 1ER;;;;330
200500066048;5;10;10;1340;1;2;1;1;2;63.0;10, CRS LE ROUZIC;;;;330
200500066049;5;10;10;1650;1;2;3;1;3;63.0;RUE DE LA COURSE;;;;330
200500066052;5;10;5;1556;1;2;2;1;3;281.0;AVE BON AIR;;;;330
200500066060;5;10;9;1630;1;2;1;1;4;281.0;25, RUE DE BEAUDESERT;;;;330
200500066067;5;10;9;1000;1;2;3;5;3;63.0;RUE EDOUARD BRANLY;;;;330
200500066069;5;10;11;940;1;2;3;1;3;281.0;91, AVE DE MAGUDAS;;;;330
200500066072;5;10;12;800;2;1;4;1;1;75.0;PSTE CYCLABLE BX-LACANAU;;;;330
200500066089;5;10;12;720;1;2;6;1;3;192.0;CHEM DU SOLARIUM;;;;330
200500066107;5;10;25;310;5;2;5;1;6;63.0;RUE DE PESSAC;;;;330
200500066109;5;10;25;1245;1;2;2;1;3;63.0;RUE CHARLES CHAUMET CAUD;;;;330
200500066135;5;10;27;1048;1;2;3;1;1;75.0;AVE CONRAD GAUSSENS;;;;330
200500066143;5;10;24;857;1;2;9;1;3;3.0;MIQUEL (I16 A J16;;;;340
200500066166;5;10;26;1720;1;2;3;1;2;32.0;NR, GARISSOU (BD DU);;;;340
200500066170;5;10;1;1330;1;2;1;1;3;129.0;OBELISQUE (ROND POINT DE;;;;340
200500066172;5;10;2;235;5;2;1;1;2;172.0;28, FLAHAULT (AVENUE CHA;;;;340
200500066204;5;10;18;1505;1;2;1;3;6;172.0;8, MAGUELONE (RUE DE);;;;340
200500066217;5;10;25;1500;1;2;1;1;3;172.0;GRAND SAINT JEAN (RUE DU;;;;340
200500066254;5;10;8;1720;1;2;1;1;6;238.0;00, SAINT-GERMAIN (PLACE;;;;350
200500066259;5;10;10;1500;1;2;1;1;3;238.0;21, REDON (DE);;;;350
200500066261;5;10;11;2000;1;2;1;1;3;238.0;00, PREVALAYE (QUAI DE L;;;;350
200500066279;5;10;18;1740;1;2;2;3;3;238.0;00, ANTRAIN (D') DE 0 A;;;;350
200500066282;5;10;19;1520;1;2;2;1;2;238.0;00, CHEZY (BD DE);;;;350
200500066284;5;10;20;1340;1;2;2;1;3;238.0;00, COETLOGON (DE);;;;350
200500066286;5;10;22;1330;1;2;1;1;6;238.0;24, JOUVET (SQUARE LOUIS;;;;350
200500066291;5;10;26;1720;1;2;2;1;6;238.0;00, GACET (ALLEE DU);;;;350
200500066293;5;10;27;740;2;2;6;1;2;238.0;00, ROPARTZ (GUY);;;;350
200500066305;5;10;9;1530;1;2;1;1;3;288.0;3, COLAS ( HENRI ) SQUAR;;;;350
200500066307;5;10;19;1215;1;2;1;1;3;288.0;TALARDS (BOULEVARD DES);;;;350
200500066308;5;10;19;1203;1;2;6;1;3;352.0;CD603;;;;350
200500066311;5;10;25;910;1;2;6;1;3;288.0;ESPERANCE (BOULEVARD DE;;;;350