Num_Acc;an;mois;jour;hrmn;lum;agg;int;atm;col;com;adr;gps;lat;long;dep
200500066337;5;10;3;2003;1;2;3;1;3;261.0;SAPAILLE (RUE DE);;;;370
200500066340;5;10;14;1635;1;2;3;1;3;261.0;URSULINES ( RUE DES);;;;370
200500066352;5;10;31;1240;1;2;1;1;3;261.0;LOUIS XI (BOULEVARD);;;;370
200500066361;5;10;5;1850;2;2;1;1;6;185.0;RANDON (AV. MAL) LAVALET;;;;380
200500066362;5;10;6;750;1;2;2;1;3;185.0;00, BLANCHARD (RUE R.);;;;380
200500066366;5;10;7;1240;1;2;1;1;3;185.0;0, SEMARD (RUE P.);;;;380
200500066367;5;10;7;850;1;2;1;1;3;151.0;0, FERRIER (AVENUE A.);;;;380
200500066369;5;10;9;1125;1;2;2;1;3;185.0;00, CALVAT (RUE E.);;;;380
200500066371;5;10;11;1250;1;2;1;1;1;421.0;00, MOLIERE (RUE);;;;380
200500066372;5;10;13;800;1;2;1;1;3;185.0;52, THIERS (RUE);;;;380
200500066383;5;10;21;1100;1;2;2;1;3;151.0;0, JAURES        (COURS;;;;380
200500066398;5;10;8;1650;1;2;2;1;3;563.0;00, SERMORENS (RUE);;;;380
200500066404;5;10;12;2155;5;2;1;3;6;192.0;307, VERT (BD DU CHEMIN);;;;400
200500066413;5;10;20;1706;1;2;1;1;6;18.0;AMPERE (RUE);;;;410
200500066434;5;10;6;1710;1;1;1;1;6;127.0;20, BEAUREGARD (CHEMIN D;;;;420
200500066448;5;10;29;1310;1;2;6;1;2;187.0;1, CUGNOT (IMPASSE NICOL;;;;420
200500066460;5;10;3;750;2;2;1;8;3;218.0;100, SALENGRO ROGER;;;;420
200500066484;5;10;20;1620;1;1;1;1;6;223.0;Route Départementale N°8;;;;420
200500066494;5;10;28;1000;1;2;1;1;3;218.0;11, DAGUERRE;;;;420
200500066500;5;10;30;1610;1;2;1;1;1;218.0;25, KLEBER;;;;420
200500066501;5;10;31;1134;1;2;1;1;2;218.0;81, ROCHE DU GEAI (DE LA;;;;420
200500066506;5;10;28;1015;1;2;1;7;2;251.0;AIELO (ROND-POINT);;;;430
200500066512;5;10;3;800;1;2;7;1;6;109.0;RUE SARRAZIN;;;;440
200500066520;5;10;6;1650;1;2;2;1;6;109.0;ROUTE DE SAINTE LUCE;;;;440
200500066521;5;10;6;1825;1;2;2;1;1;109.0;BOULEVARD DES POILUS;;;;440
200500066529;5;10;9;1805;1;2;3;1;2;162.0;1, BOULEVARD DU TERTRE;;;;440
200500066569;5;10;31;1435;1;2;1;1;3;162.0;0, RUE D'AGEN;;;;440
200500066582;5;10;16;825;1;2;1;1;1;184.0;19, LANDETTES (ROUTE DES;;;;440
200500066587;5;10;11;1725;1;2;1;1;3;208.0;19, CHAUTEMPS (AVENUE L.;;;;450
200500066599;5;10;8;1625;1;2;1;1;6;302.0;932, CHARTRES (ANCIENNE;;;;450
200500066606;5;10;18;1300;1;2;1;1;3;286.0;26, JEUNE (RUE CHARLES);;;;450
200500066627;5;10;8;1435;1;2;9;1;3;157.0;MERMOZ JEAN (RUE);;;;470
200500066634;5;10;1;1719;1;1;3;1;5;15.0;RD 107;;;;490
200500066637;5;10;4;1648;1;2;1;1;3;7.0;10, JAURES;;;;490
200500066638;5;10;5;733;2;2;2;1;3;7.0;00, ROI DE POLOGNE QUAI;;;;490
200500066642;5;10;6;900;1;2;1;1;3;7.0;00, NOTRE DAME DU LAC AV;;;;490
200500066660;5;10;18;1901;5;2;1;2;7;7.0;253, SAINT LEONARD;;;;490
200500066703;5;10;15;1450;1;2;1;1;3;203.0;00, CORNAT (RUE HENRI);;;;500
200500066722;5;10;12;1400;1;2;1;2;6;502.0;61, HAVIN;;;;500
200500066726;5;10;10;1645;1;2;1;1;2;108.0;24, VAUBECOURT (BD);;;;510
200500066737;5;10;3;1715;1;2;1;1;2;454.0;SAINT MARTIN (CHAUSSEE);;;;510
200500066740;5;10;6;1745;1;2;1;1;6;454.0;CHAMPAGNE (AVENUE);;;;510
200500066743;5;10;10;1410;1;2;5;1;1;454.0;70, CHEZEL (RUE CLOVIS);;;;510
200500066758;5;10;25;830;1;2;3;1;3;121.0;1, REPUBLIQUE (AVENUE);;;;520
200500066766;5;10;30;1725;1;2;1;1;6;448.0;156, ALSACE LORRAINE (AV;;;;520
200500066772;5;10;27;1720;1;2;6;1;3;130.0;8 MAI 1945 ( BOULEVARD D;;;;530
200500066814;5;10;19;845;1;2;2;2;3;395.0;1, AMERICAN LEGION  (BD;;;;540
200500066815;5;10;19;1545;1;2;1;1;2;395.0;1, PIROUX (RUE);;;;540
200500066816;5;10;20;1030;1;2;3;1;6;265.0;1, MIRECOURT (ROUTE DE);;;;540
200500066828;5;10;30;1020;1;2;2;1;6;526.0;ONZE NOVEMBRE (RUE DU);;;;540
200500066834;5;10;5;355;5;2;2;1;3;79.0;91, CLAUDE (AVENUE VICTO;;;;540
200500066846;5;10;28;1400;1;2;1;1;7;545.0;GRANDE MURAILLE ( CHEMIN;;;;550
200500066848;5;10;4;1516;1;2;1;1;6;121.0;6, QUEUDET ( AV RAYMOND;;;;560
200500066851;5;10;5;1845;1;2;1;1;3;121.0;61, BLUM ( BD LEON );;;;560
200500066856;5;10;10;1145;1;2;1;1;3;121.0;PLENENO ( RD PT DU );;;;560
200500066859;5;10;11;2035;5;2;6;1;3;121.0;00, KERYADO ( RD-PT DE );;;;560
200500066864;5;10;15;1835;1;2;1;2;7;162.0;02, ANSE DU STOLE (RUE);;;;560
200500066867;5;10;20;1610;1;2;1;1;7;98.0;00, COUTURIER (RUE PIERR;;;;560
200500066873;5;10;22;1334;1;2;1;1;6;98.0;57, JAURES (RUE  JEAN );;;;560
200500066887;5;10;7;749;2;2;1;1;2;260.0;., GERBAULT(RUE ALAIN);;;;560
200500066891;5;10;18;1750;1;2;3;1;3;260.0;., LEBON(RUE PHILIPPE);;;;560
200500066905;5;10;2;1600;1;2;3;2;3;19.0;CD 47;;;;570
200500066908;5;10;1;850;1;2;3;2;3;463.0;LORRY (ROUTE DE );;;;570
200500066966;5;10;12;1715;1;2;1;1;6;194.0;SAINT EXUPERY (PLACE);;;;580
200500066968;5;10;16;1200;1;2;1;1;6;194.0;EDUENS (QUAI);;;;580
200500066973;5;10;10;715;2;2;6;1;3;194.0;PIERRE DE COUBERTIN;;;;580
200500066986;5;10;10;1655;1;2;1;1;2;153.0;81, GRAS BOEUF (RUE DU );;;;590
200500066990;5;10;11;1800;5;2;1;1;7;153.0;238, CHAUSSIETTE (RUE DE;;;;590
200500066993;5;10;10;1720;1;1;1;1;2;632.0;, BLANQUI (R.);;;;590
200500066995;5;10;19;1150;1;2;9;1;1;178.0;CUINCY (RUE DE);;;;590
200500067016;5;10;4;1600;1;2;1;1;2;273.0;, MOULIN HAUT (RUE DU);;;;590
200500067019;5;10;15;1440;1;2;1;1;2;295.0;80, DE MERVILLE;;;;590
200500067039;5;10;9;2030;4;2;2;1;6;560.0;Sans objet, REPUBLIQUE A;;;;590
200500067050;5;10;14;1715;1;2;2;1;3;410.0;PREVOYANTS RUE DES;;;;590
200500067056;5;10;18;845;1;2;2;1;6;286.0;Sans objet, 8 MAI 45 RUE;;;;590
200500067067;5;10;23;1550;1;2;1;1;3;350.0;251, FAUBOURG D'ARRAS RU;;;;590
200500067100;5;10;3;1645;1;2;2;1;3;512.0;NATIONS UNIES (AVENUE DE;;;;590
200500067108;5;10;4;1340;1;2;1;1;3;512.0;NAPLES (RUE DE);;;;590
200500067109;5;10;7;1945;5;2;2;1;1;650.0;MONT A LEUX;;;;590
200500067114;5;10;7;850;1;2;2;2;3;512.0;GRANDE RUE;;;;590
200500067120;5;10;5;1900;2;2;1;1;3;650.0;STEPHENSON (RUE);;;;590
200500067123;5;10;28;1550;1;2;2;1;2;512.0;FOSSES AUX CHENES  (PLAC;;;;590
200500067133;5;10;18;755;1;2;2;1;3;599.0;GRAMME (CHAUSSEE);;;;590
200500067152;5;10;23;1050;1;2;1;1;6;491.0;DIX NEUF MARS 1962 (RUE;;;;590
200500067163;5;10;19;1355;1;2;3;1;3;1.0;AMPERE (RUE);;;;610
200500067176;5;10;28;1400;1;2;3;1;3;41.0;41, TRAVERSIERE;;;;620
200500067190;5;10;26;2025;3;2;2;1;6;126.0;NATIONALE  ( ROUTE );;;;620
200500067205;5;10;6;1205;1;2;1;1;7;193.0;GAMBETTA (BOULEVARD);;;;620
200500067206;5;10;15;1030;1;2;1;1;2;193.0;700, ROGER SALENGRO (AVE;;;;620
200500067223;5;10;20;1330;1;2;3;1;3;497.0;0, DELORY (R GUSTAVE);;;;620
200500067225;5;10;20;1750;1;2;3;1;3;427.0;0, JERUSALEM (CHE. DE);;;;620
200500067229;5;10;30;1101;1;2;1;1;6;218.0;XXXXXXXX, REPUBLIQUE (R;;;;620
200500067238;5;10;23;1020;1;2;1;1;1;386.0;., BEAUCAMP (R FRANCOIS);;;;620
200500067271;5;10;12;1800;1;2;5;1;6;32.0;30, LECLERC (AVENUE DU M;;;;630
200500067278;5;10;17;950;1;2;9;1;6;113.0;17, LAFAYETTE (BD);;;;630
200500067313;5;10;26;750;1;1;6;1;1;63.0;RN9;;;;630
200500067338;5;10;19;1355;1;2;6;1;3;24.0;JORLIS (ROND POINT DE);;;;640
200500067339;5;10;19;1611;1;2;4;1;2;24.0;ADOUR (AVENUE DE L');;;;640
200500067372;5;10;24;2120;5;2;2;1;3;445.0;MARCA;;;;640
200500067375;5;10;28;1725;1;2;1;1;2;284.0;2, ESPAGNE D';;;;640
200500067389;5;10;7;1235;1;2;3;1;3;433.0;., BARBUSSE (AVENUE HENR;;;;650
200500067394;5;10;16;940;1;2;6;1;2;440.0;., HOPITAL (ROND POINT D;;;;650
200500067402;5;10;21;1615;1;2;4;1;3;440.0;1, LIBERTE (PLACE DE LA);;;;650
200500067404;5;10;26;1320;1;2;9;1;3;440.0;., ARDENNES (BOULEVARD D;;;;650
200500067405;5;10;27;1830;1;2;2;1;3;417.0;., SPORTS (AVENUE DES);;;;650
200500067422;5;10;3;1140;1;2;6;2;1;267.0;000, MARECHAL FOCH (RUE;;;;670
200500067429;5;10;7;815;1;2;2;8;3;482.0;0, FUSTEL DE COULANGES (;;;;670
200500067434;5;10;11;1125;1;2;3;1;3;204.0;00, CHAMPIGNONS (RUE DES;;;;670
200500067435;5;10;11;1600;1;2;2;1;3;482.0;00, BONNES GENS (RUE DES;;;;670
200500067443;5;10;14;1455;1;2;3;1;3;482.0;00, HAGUENAU (PLACE DE);;;;670
200500067444;5;10;14;1620;1;2;1;1;6;482.0;9, FINKWILLER (QUAI);;;;670
200500067454;5;10;18;1055;1;2;1;1;6;482.0;20, MONTAGNE VERTE (RUE;;;;670
200500067457;5;10;18;1730;1;2;1;1;2;267.0;MARECHAL FOCH (RUE DU);;;;670
200500067458;5;10;18;1710;1;2;3;1;3;482.0;00, PRINTEMPS (ALLEE DU);;;;670
200500067462;5;10;19;1800;2;2;5;1;3;482.0;0, SAINT JEAN (QUAI);;;;670
200500067464;5;10;20;1730;1;2;1;1;6;482.0;00, VAUBAN (RUE);;;;670
200500067465;5;10;20;1731;1;2;2;1;3;482.0;00, LOUVAIN (RUE DE);;;;670
200500067470;5;10;24;1455;1;2;1;1;3;482.0;12, HALLES (PLACE DES);;;;670
200500067471;5;10;25;755;2;2;2;1;3;482.0;2, ANKARA (RUE D );;;;670
200500067473;5;10;26;45;5;2;1;1;3;482.0;1, JACQUES PREISS (BOULE;;;;670
200500067477;5;10;27;1630;1;2;1;1;3;482.0;46, SAINT FIACRE (RUE);;;;670
200500067479;5;10;28;355;5;2;3;1;6;447.0;SAINT JUNIEN (RUE DE);;;;670
200500067487;5;10;7;1700;1;2;1;1;6;66.0;107, DE GAULLE (AVENUE D;;;;680
200500067488;5;10;14;1220;1;2;2;1;3;66.0;GOLBERY (RUE);;;;680
200500067492;5;10;18;1100;1;2;2;1;3;66.0;1, SCHUMANN (RUE);;;;680
200500067495;5;10;8;1723;1;2;3;7;3;224.0;149, NATIONS (BOULEVARD;;;;680
200500067497;5;10;13;1410;1;2;1;1;3;224.0;115, ROMAINS (RUE DES);;;;680
200500067499;5;10;13;1900;2;2;1;1;3;224.0;2, MOLIERE (RUE);;;;680
200500067505;5;10;18;1850;1;2;9;1;6;224.0;METZ (RUE DE);;;;680
200500067510;5;10;13;1740;1;2;1;1;2;224.0;188, ILE NAPOLEON (RUE D;;;;680
200500067569;5;10;7;1720;1;2;3;1;3;282.0;8 MAI 1945 (DU);;;;690
200500067576;5;10;27;1655;1;1;1;1;1;290.0;PETITES MAUGUETTES (DES);;;;690
200500067582;5;10;10;845;1;2;1;1;6;309.0;27, AUTUN (RUE D');;;;710
200500067587;5;10;5;600;5;2;3;8;7;270.0;Intersection Chemin Lye/;;;;710
200500067598;5;10;24;1235;1;2;1;1;3;270.0;96, HERRIOT (AVENUE EDOU;;;;710
200500067623;5;10;13;2110;4;2;1;1;6;181.0;6, NATIONALE (RUE);;;;720
200500067629;5;10;20;1130;1;2;1;1;3;181.0;WILBUR WRIGHT (RUE);;;;720
200500067637;5;10;26;1910;5;2;1;1;6;181.0;JACOBINS (PL DES);;;;720
200500067640;5;10;29;1730;1;2;3;1;3;181.0;MOULIN JEAN (BD) N° IMP;;;;720
200500067646;5;10;30;1110;1;2;3;1;3;8.0;GRAND PORT (RONDEAU) AVE;;;;730
200500067647;5;10;5;1050;1;2;6;1;3;11.0;FONTANET (AV.) 3 POIRIER;;;;730
200500067651;5;10;11;1217;1;2;1;1;3;65.0;0.001, LECLERC (AVENUE D;;;;730
200500067658;5;10;13;1310;1;2;1;1;2;10.0;24, PARMELAN;;;;740
200500067659;5;10;31;1130;1;2;2;1;6;10.0;CLOCHES (CHEMIN DES);;;;740
200500067663;5;10;21;1750;2;2;6;2;6;12.0;BARON DE LOE (RUE DU);;;;740
200500067694;5;10;12;945;1;2;1;1;3;8.0;L3559 PL DE LA CONCORDE;;;;750
200500067699;5;10;14;1010;1;2;5;1;3;3.0;R BEAUBOURG R DE TURBIGO;;;;750
200500067707;5;10;17;1850;1;2;1;1;3;6.0;43 BD RASPAIL;;;;750
200500067708;5;10;18;1215;1;2;1;1;3;20.0;36 R D AVRON;;;;750
200500067754;5;10;3;2115;5;2;3;1;3;14.0;R CASSINI AV DENF ROCHER;;;;750
200500067769;5;10;4;1600;1;2;1;1;2;15.0;12 R GUTENBERG;;;;750
200500067777;5;10;4;945;1;2;1;8;2;8.0;156 BD HAUSSMANN;;;;750
200500067779;5;10;4;1950;5;2;3;1;2;4.0;R CLOITRE ST MERRI R DU;;;;750
200500067791;5;10;2;1215;1;2;2;1;2;20.0;R DE BELLEVILLE R DE TOU;;;;750
200500067804;5;10;5;1405;1;2;1;1;7;5.0;16 R MONGE;;;;750
200500067805;5;10;5;845;1;2;1;1;6;9.0;52 R TOUR D AUVERGNE;;;;750
200500067806;5;10;5;18;5;2;1;1;6;10.0;56 BD DE MAGENTA;;;;750
200500067807;5;10;5;1810;1;2;3;1;6;10.0;BD DE DENAIN BD DE MAGEN;;;;750
200500067810;5;10;23;1740;1;2;1;1;6;3.0;20 R CHARLOT;;;;750
200500067816;5;10;5;1945;5;2;3;1;6;19.0;R DE CRIMEE R GASTON TES;;;;750
200500067831;5;10;6;1740;1;2;1;1;3;9.0;42 R LA FAYETTE;;;;750
200500067837;5;10;10;800;1;2;3;1;1;15.0;Q BRANLY AV DE SUFFREN;;;;750
200500067849;5;10;30;1655;1;2;2;1;3;11.0;BD R LENOIR BD VOLTAIRE;;;;750
200500067855;5;10;7;920;1;2;1;1;3;7.0;54 AV BOSQUET;;;;750
200500067865;5;10;7;900;1;2;2;1;3;15.0;R ABBE GROULT R DE VAUGI;;;;750
200500067881;5;10;8;1130;1;2;2;1;3;12.0;RTE DU PESAGE RTE TOUREL;;;;750
200500067899;5;10;9;1923;5;2;1;1;3;17.0;84 AV DE CLICHY;;;;750
200500067903;5;10;10;850;1;2;1;1;3;3.0;292 R SAINT MARTIN;;;;750
200500067907;5;10;10;915;1;2;3;1;3;4.0;PL DE LA BASTILLE BD BEA;;;;750
200500067928;5;10;10;1630;1;2;2;1;6;15.0;R DE VAUGIRARD R DES VOL;;;;750
200500067935;5;10;11;2008;5;2;3;1;3;1.0;Q DES ORFEVRES PL DU PON;;;;750
200500067944;5;10;11;1620;1;2;2;1;3;13.0;BD ARAGO R PASCAL;;;;750
200500067945;5;10;11;1300;1;2;1;1;6;13.0;56 BD VINCENT AURIOL;;;;750
200500067962;5;10;12;1605;1;2;2;1;3;1.0;PL DE VALOIS R DE VALOIS;;;;750
200500067990;5;10;13;920;1;2;2;1;3;15.0;R AMIRAL ROUSSIN R CROIX;;;;750
200500068001;5;10;14;1545;1;2;4;1;6;9.0;R BUFFAULT R DU FG MONTM;;;;750
200500068019;5;10;14;845;1;2;3;1;3;10.0;R FG SAINT DENIS BD DE M;;;;750
200500068059;5;10;17;900;1;2;3;1;6;6.0;R DE CONDE R DE VAUGIRAR;;;;750
200500068060;5;10;17;1825;1;2;2;1;3;6.0;BD SAINT GERMAIN BD SAIN;;;;750
200500068079;5;10;18;1310;1;2;4;1;3;5.0;R JUSSIEU R LINNE;;;;750
200500068126;5;10;20;1810;1;2;1;1;6;14.0;134 RUE D ALESIA;;;;750
200500068156;5;10;21;1900;1;2;3;8;6;14.0;R MAISON DIEU R R LOSSER;;;;750
200500068166;5;10;21;805;1;2;3;2;3;13.0;AV D ITALIE R TAGORE;;;;750
200500068183;5;10;22;1845;2;2;1;1;7;20.0;30 R DU CAPITAINE FERBER;;;;750
200500068200;5;10;24;1345;1;2;1;1;3;13.0;40 R DES GOBELINS;;;;750
200500068201;5;10;24;1730;1;2;2;8;3;16.0;ALL DE LONGCHAMP ALL DE;;;;750
200500068207;5;10;24;1130;1;2;5;3;3;8.0;R DU FG SAINT HONORE AV;;;;750
200500068208;5;10;24;1925;5;2;1;1;7;15.0;46 R EMILE ZOLA;;;;750
200500068209;5;10;24;1055;1;2;1;3;3;15.0;PL DES INSURGES DE VARSO;;;;750
200500068222;5;10;25;920;1;2;1;2;3;3.0;28 PL DES VOSGES;;;;750
200500068228;5;10;25;1240;1;2;2;1;3;5.0;PO SAINT MICHEL QU SAINT;;;;750
200500068252;5;10;11;550;5;2;3;1;6;4.0;BD HENRY IV BD MORLAND;;;;750
200500068265;5;10;17;1205;1;2;2;1;6;12.0;R DE CHARENTON BD DE REU;;;;750
200500068288;5;10;26;1445;1;2;2;1;3;5.0;BD SAINT GERMAIN R SAINT;;;;750
200500068300;5;10;26;1745;1;2;2;1;6;9.0;PL BLANCHE BD DE CLICHY;;;;750
200500068323;5;10;26;1635;1;2;1;1;3;13.0;50 BD AUGUSTE BLANQUI;;;;750
200500068334;5;10;28;2105;5;2;2;2;3;2.0;R D ABOUKIR R MONTMARTRE;;;;750
200500068358;5;10;29;1850;5;2;2;1;3;18.0;PL BLANCHE BD DE CLICHY;;;;750
200500068372;5;10;30;1510;1;2;2;1;3;19.0;AV MATHURIN MOREAU AV SI;;;;750
200500068389;5;10;22;1705;1;2;1;1;3;12.0;19 AV PTE DE CHARENTON;;;;750
200500068390;5;10;27;750;2;2;2;1;1;12.0;RTE PYRAMIDE R CHAMP DE;;;;750
200500068478;5;10;28;2015;5;2;1;1;7;284.0;3, BERRY (SQUARE DU);;;;770
200500068481;5;10;29;1800;1;2;1;1;7;330.0;2, BARRAUD JEAN (RUE);;;;770
200500068492;5;10;27;1355;1;2;2;1;1;294.0;BORDIERE (AVENUE DE LA);;;;770
200500068495;5;10;23;1750;1;2;1;1;3;172.0;12, GRAND FOSSARD (LIEU;;;;770
200500068511;5;10;17;1910;5;2;1;1;3;390.0;P. CEZANNE (AVENUE);;;;770
200500068516;5;10;27;857;1;2;1;1;7;379.0;33, CORDONNERIE (RUE DE;;;;770
200500068517;5;10;30;1440;1;2;2;1;3;514.0;JEAN JAURES (AVENUE);;;;770
200500068522;5;10;5;1220;1;2;1;1;3;172.0;NONNAINS (RUE DES);;;;780
200500068531;5;10;18;1625;1;2;3;1;3;168.0;DEPARTEMENTALE 13 (ROUTE;;;;780
200500068532;5;10;18;2030;5;2;1;2;3;383.0;Indét, SEINE (BOULEVARD;;;;780
200500068544;5;10;25;710;5;2;3;1;3;311.0;43, GAMBETTA (RUE);;;;780
200500068546;5;10;8;1712;1;2;1;1;6;358.0;EGLE (AVENUE);;;;780
200500068556;5;10;6;1315;1;1;1;1;2;238.0;RENAULT (ROUTE DE);;;;780
200500068597;5;10;7;1610;1;2;2;1;3;586.0;STRASBOURG;;;;780
200500068615;5;10;3;910;1;2;2;1;3;646.0;30, ETATS GENERAUX (RUE;;;;780
200500068618;5;10;12;1400;1;2;1;1;3;158.0;CENTRE COMMERCIAL PARLY;;;;780
200500068637;5;10;11;750;5;2;1;1;3;146.0;43, REPUBLIQUE (BOULEVAR;;;;780
200500068640;5;10;29;1030;1;2;6;1;3;418.0;0, ESTIENNES D'ORVES (RU;;;;780
200500068643;5;10;21;819;1;2;1;1;2;329.0;33, MORINIERE (RUE DE LA;;;;790
200500068647;5;10;26;940;1;2;1;7;2;1.0;229, HOCQUET (d');;;;800
200500068649;5;10;3;1635;1;2;1;1;2;21.0;0, SAINT ROCH (RUE);;;;800
200500068653;5;10;6;1920;4;2;2;1;3;21.0;0, VOGEL (PLACE);;;;800
200500068654;5;10;6;1340;1;2;2;1;3;21.0;ABBEVILLE (RUE D');;;;800
200500068656;5;10;7;845;1;2;1;1;3;21.0;0, VERDUN (RUE DE );;;;800
200500068664;5;10;12;1705;1;2;1;1;6;21.0;0, OTAGES (RUE DES);;;;800
200500068675;5;10;20;1600;1;2;1;1;2;21.0;273, VERDUN (RUE DE );;;;800
200500068677;5;10;23;955;1;2;2;1;3;21.0;0, VERDUN (RUE DE );;;;800
200500068682;5;10;27;1900;5;2;1;1;3;21.0;239, SAINT MAURICE (RUE);;;;800
200500068683;5;10;29;815;1;2;2;2;3;21.0;0, NOYON (RUE DE);;;;800
200500068703;5;10;7;1500;1;2;3;1;1;21.0;GRAND PONT (AVENUE);;;;810
200500068709;5;10;8;1645;1;2;3;1;6;121.0;0, RAMIEROU (RUE DU);;;;820
200500068716;5;10;21;1600;1;2;1;1;6;121.0;40, REPUBLIQUE (RUE DE L;;;;820
200500068723;5;10;1;910;1;2;4;1;3;61.0;0, BOULEVARD SÉVERIN DEC;;;;830
200500068724;5;10;3;645;2;1;1;1;6;69.0;0000000000, DECUGIS (AVE;;;;830
200500068768;5;10;1;1225;1;2;1;1;3;7.0;21, LYON (route de );;;;840
200500068770;5;10;5;1500;1;2;2;1;3;7.0;BIRON (Rue);;;;840
200500068777;5;10;13;1640;1;2;1;1;3;7.0;FONCOUVERTE (Avenue de );;;;840
200500068778;5;10;14;1200;1;2;6;1;3;7.0;REALPANIER (Rond point d;;;;840
200500068780;5;10;17;1220;1;2;6;1;2;7.0;MALPEIGNE (Chemin de);;;;840
200500068785;5;10;24;1725;1;2;6;1;3;7.0;CINQ CANTONS ( Avenue de;;;;840
200500068788;5;10;26;1645;1;2;2;1;5;7.0;LYON (route de );;;;840
200500068794;5;10;7;1310;1;2;1;1;1;35.0;00, SARNETTE (AVENUE ABE;;;;840
200500068835;5;10;27;1520;1;2;1;1;6;194.0;27, CUEILLE MIREBALAISE;;;;860
200500068842;5;10;1;1130;1;2;3;2;3;85.0;1, JAURES (RUE JEAN);;;;870
200500068913;5;10;5;1255;1;2;2;1;3;10.0;1, HOUBRE (RUE);;;;900
200500068918;5;10;11;1540;1;2;1;1;3;99.0;22, DE GAULLE (RUE DU GE;;;;900
200500068930;5;10;28;1800;1;2;1;1;2;10.0;1, HANOI (RUE D');;;;900
200500068944;5;10;3;805;1;1;6;1;3;174.0;JEAN JAURES (BOULEVARD);;;;910
200500068957;5;10;15;915;1;2;1;1;3;433.0;GRANDE RUE;;;;910
200500068959;5;10;20;441;5;2;1;1;3;223.0;16, SAINT MICHEL (BOULEV;;;;910
200500068988;5;10;20;1040;1;2;1;1;2;691.0;44, GABRIEL PERI(RUE) DU;;;;910
200500068989;5;10;23;1655;1;2;3;1;3;691.0;50, FREDERIC MISTRAL(RUE;;;;910
200500068991;5;10;25;1630;1;2;1;1;7;421.0;16, MARECHAL FOCH (AVENU;;;;910
200500069014;5;10;30;930;1;2;9;1;6;216.0;GRANDE RUE;;;;910
200500069017;5;10;6;650;5;2;1;1;7;2.0;., GENERAL DE GAULLE (AV;;;;920
200500069036;5;10;18;940;1;2;2;1;3;4.0;VOLTAIRE ( BD );;;;920
200500069038;5;10;21;1320;1;2;1;1;6;4.0;21, MARNE   ( AVENUE DE;;;;920
200500069044;5;10;27;1855;1;2;1;1;6;4.0;10, NANTERRE ( DE 01 A 4;;;;920
200500069052;5;10;6;1940;2;2;1;1;6;12.0;2, JEAN JAURES (BOULEVAR;;;;920
200500069075;5;10;18;1510;1;2;1;1;6;71.0;1, COULEE VERTE;;;;920
200500069084;5;10;1;1850;4;2;1;2;3;24.0;1, HENRI BARBUSSE (RUE);;;;920
200500069098;5;10;20;845;1;2;3;1;2;25.0;VICTOR HUGO (AV.VILLA.RU;;;;920
200500069099;5;10;21;1820;2;2;3;2;6;25.0;STALINGRAD (AV DE);;;;920
200500069103;5;10;14;825;1;2;3;1;3;26.0;9999999999, VERDUN (DE 6;;;;920
200500069137;5;10;6;1755;1;2;1;1;2;48.0;GENERAL DE GAULLE (AVENU;;;;920
200500069163;5;10;7;1515;1;2;1;1;3;50.0;000000, DEFENSE BOULEVAR;;;;920
200500069167;5;10;12;1830;1;2;1;1;3;50.0;GAMBETTA RUE;;;;920
200500069168;5;10;14;2135;1;2;2;1;3;50.0;JOLIOT CURIE F. ET IRENE;;;;920
200500069207;5;10;7;1625;1;2;1;1;6;64.0;MARECHAL JUIN;;;;920
200500069258;5;10;15;1315;1;2;2;1;3;5.0;Néant, ROSIERS (AVENUE D;;;;930
200500069259;5;10;9;1332;1;2;1;1;3;5.0;37, ROGER LEMAIRE (RUE);;;;930
200500069261;5;10;21;1130;1;2;2;1;6;5.0;NEANT, ROSIERS (AVENUE D;;;;930
200500069281;5;10;29;2120;5;2;1;1;3;10.0;28, VILLEMOMBLE (RTE DE);;;;930
200500069320;5;10;21;1030;1;2;3;2;3;32.0;179, MUGUETS   (AVENUE D;;;;930
200500069374;5;10;17;1745;1;2;1;1;3;33.0;JOFFRE (AVENUE);;;;930
200500069416;5;10;14;1740;1;2;2;1;1;66.0;"""SEMBAT MARCEL (BD), NR";;;;930
200500069423;5;10;26;920;1;2;1;8;3;66.0;64, VAILLANT COUTURIER P;;;;930
200500069453;5;10;9;1730;1;2;1;7;1;78.0;BALLANGER (BD ROBERT);;;;930
200500069538;5;10;12;1850;1;2;1;1;6;73.0;ORVILLIERS (R DES);;;;940