Num_Acc;an;mois;jour;hrmn;lum;agg;int;atm;col;com;adr;gps;lat;long;dep
200500082067;5;12;1;1430;1;2;3;1;6;482.0;MOLSHEIM (RUE DE);;;;670
200500082069;5;12;2;1935;5;2;1;2;3;482.0;0, SCHIRMECK (ROUTE DE);;;;670
200500082075;5;12;6;850;1;2;1;1;6;482.0;25, GENERAL DE GAULLE (A;;;;670
200500082077;5;12;7;1730;5;2;3;2;3;482.0;00, HUMANN (RUE);;;;670
200500082089;5;12;14;1855;5;2;2;2;3;482.0;DOUANE (RUE DE LA);;;;670
200500082090;5;12;14;2245;5;2;3;1;1;482.0;00, MEROVINGIENS (RUE DE;;;;670
200500082092;5;12;15;1750;5;2;1;1;3;482.0;22, FONDERIE (RUE DE LA);;;;670
200500082098;5;12;18;1509;1;2;1;2;3;267.0;00, MARECHAL FOCH (RUE D;;;;670
200500082101;5;12;19;1700;3;2;3;4;3;482.0;00, GUYNEMER (RUE);;;;670
200500082104;5;12;20;1430;1;2;2;1;3;482.0;00, LAUSANNE (RUE DE);;;;670
200500082105;5;12;20;1940;5;2;1;1;3;218.0;RHIN (ROUTE DU);;;;670
200500082114;5;12;5;740;2;2;1;1;3;66.0;WILHELM (RUE HENRY);;;;680
200500082115;5;12;8;1225;1;2;2;1;3;66.0;18, STANISLAS (RUE);;;;680
200500082123;5;12;13;1245;1;2;2;1;3;224.0;ROOSEVELT (BOULEVARD DU;;;;680
200500082128;5;12;22;1950;5;2;1;1;3;224.0;198, LECLERC (AVENUE DU;;;;680
200500082133;5;12;22;1755;5;2;1;1;6;224.0;26, DOLLER (RUE DE LA);;;;680
200500082147;5;12;8;1720;2;2;3;8;3;259.0;0, VAILLANT COUTURIER;;;;690
200500082150;5;12;7;1735;5;2;2;1;1;92.0;TARARE (ROUTE DE);;;;690
200500082184;5;12;1;1650;1;2;1;1;3;181.0;33 EME MOBILE (RUE DU) N;;;;720
200500082190;5;12;8;740;1;2;1;1;3;181.0;DELAGENIERE HENRY (RUE);;;;720
200500082195;5;12;13;1605;1;2;1;1;1;181.0;ANATOLE FRANCE (BD );;;;720
200500082207;5;12;20;1207;1;2;1;8;6;181.0;CLEMENCEAU GEORGES ( BD);;;;720
200500082209;5;12;21;1730;1;2;1;8;3;181.0;18, GAMBETTA (RUE) N° PA;;;;720
200500082227;5;12;6;1655;2;2;2;1;3;10.0;PAIX;;;;740
200500082249;5;12;21;1000;1;2;2;1;3;1.0;R DE CASTIGLIONE R SAINT;;;;750
200500082257;5;12;21;925;1;2;2;1;3;8.0;CRS LA REINE AV W CHURCH;;;;750
200500082269;5;12;21;1300;1;2;3;1;6;19.0;R GASTON REBUFFAT R DE T;;;;750
200500082271;5;12;20;1850;5;2;2;1;2;3.0;R GREN ST LAZARE R ST MA;;;;750
200500082290;5;12;10;1845;5;2;1;1;3;15.0;86 R SAINT CHARLES;;;;750
200500082303;5;12;17;150;5;2;1;1;7;10.0;146 BD DE MAGENTA;;;;750
200500082324;5;12;23;1700;1;2;1;1;7;19.0;54 R RIQUET;;;;750
200500082361;5;12;30;2050;5;2;2;2;3;10.0;R LUCIEN SAMPAIX R DES V;;;;750
200500082362;5;12;30;1945;5;2;2;2;3;11.0;R J PIERRE TIMBAUD R SAI;;;;750
200500082448;5;12;1;1410;1;2;2;1;6;1.0;R D ARGENTEUIL R DES PYR;;;;750
200500082501;5;12;4;1313;1;2;3;2;3;12.0;AV DES MINIMES ESP SAINT;;;;750
200500082508;5;12;4;1205;1;2;2;8;3;18.0;BD NEY AV PTE CLIGNANCOU;;;;750
200500082556;5;12;9;545;5;2;3;1;6;13.0;PASS NATIONAL R NATIONAL;;;;750
200500082569;5;12;7;1635;1;2;1;1;6;13.0;L6606 R JACQUES DESTREE;;;;750
200500082571;5;12;8;930;1;2;1;1;6;16.0;2 R EUGENE DELACROIX;;;;750
200500082577;5;12;8;2005;5;2;3;2;3;14.0;BD JOURDAN R DU PERE COR;;;;750
200500082647;5;12;9;920;5;2;4;8;3;17.0;AV DE CLICHY R GUY MOQUE;;;;750
200500082657;5;12;11;1855;5;2;2;1;2;9.0;BD HAUSSMANN R LE PELETI;;;;750
200500082662;5;12;12;700;5;2;3;1;3;18.0;BD DE LA CHAPELLE PL DE;;;;750
200500082663;5;12;12;1745;5;2;4;1;3;18.0;VLA SAINT MICHEL AV DE S;;;;750
200500082676;5;12;14;930;1;2;1;1;3;13.0;80 R DE LA GLACIERE;;;;750
200500082682;5;12;13;1935;5;2;3;1;3;16.0;PL DE COLOMBIE AV DE SAI;;;;750
200500082683;5;12;14;1405;1;2;1;2;7;13.0;54 R DE LA GLACIERE;;;;750
200500082722;5;12;16;900;1;2;3;2;6;4.0;R DE LA REYNIE BD DE SEB;;;;750
200500082789;5;12;19;1000;1;2;1;2;6;15.0;64 R DE LA CONVENTION;;;;750
200500082837;5;12;22;2100;5;2;3;1;3;16.0;R DES PATURES AV DE VERS;;;;750
200500082850;5;12;1;1100;1;2;1;1;6;351.0;1, ANATOLE FRANCE;;;;760
200500082870;5;12;8;2239;5;2;1;1;3;540.0;BELGES. BOULEVARD DES;;;;760
200500082911;5;12;12;820;2;2;1;9;3;58.0;69, CLOS SAINT GEORGES;;;;770
200500082935;5;12;4;1807;5;2;2;2;6;294.0;BOURSIERES (AVENUE DE);;;;770
200500082979;5;12;12;1345;1;2;3;1;3;172.0;0,000, BASSES ROCHES (RU;;;;780
200500082987;5;12;6;815;5;2;1;9;6;297.0;inconnu, CROIZAT (RUE AM;;;;780
200500083011;5;12;12;1850;5;1;1;1;3;498.0;GAMBETTA BD;;;;780
200500083029;5;12;4;930;1;1;1;1;3;551.0;LOGES (AVENUE DES);;;;780
200500083030;5;12;12;820;1;2;1;1;6;551.0;22, DUMAS (ALEXANDRE);;;;780
200500083048;5;12;9;815;2;2;3;1;3;686.0;GENERAL DE GAULLE (PLACE;;;;780
200500083075;5;12;23;1530;1;2;2;1;3;646.0;ORANGERIE (RUE DE L');;;;780
200500083087;5;12;7;840;1;2;2;1;3;21.0;0, VOGEL (PLACE);;;;800
200500083113;5;12;16;806;2;2;1;1;3;65.0;1, JUIN (ALL. ALPHONSE);;;;810
200500083116;5;12;5;1115;1;2;1;1;7;65.0;5, SABATERIE (RUE);;;;810
200500083146;5;12;7;1615;2;2;1;1;3;129.0;DE LATTRE DE TASSIGNY (A;;;;830
200500083163;5;12;19;1715;2;2;1;1;3;144.0;UNIVERSITE (AVE DE L');;;;830
200500083231;5;12;23;1510;1;2;3;1;3;191.0;0, LOUCHEUR RUE LOUIS;;;;850
200500083235;5;12;4;1130;1;2;1;1;2;194.0;MARAICHERS (ROUTE DES);;;;850
200500083238;5;12;22;1620;1;2;1;1;2;194.0;., VANNERIE (ALLEE DE LA;;;;850
200500083239;5;12;28;1205;1;2;2;1;3;194.0;PINS (ROUTE DES);;;;850
200500083256;5;12;13;1440;1;2;1;1;3;194.0;115, PLATEAU DES GLIERES;;;;860
200500083318;5;12;7;1555;1;2;1;8;3;160.0;33, PREFECTURE (RUE DE L;;;;880
200500083323;5;12;28;1215;1;2;1;4;3;383.0;24, faubourg d'alsace;;;;880
200500083341;5;12;30;1825;5;2;2;9;3;387.0;0, VERDUN (BOULEVARD DE);;;;890
200500083440;5;12;8;1955;5;2;1;2;6;9.0;47, ROBERT DUPONT;;;;920
200500083447;5;12;22;805;1;2;1;1;6;9.0;65, GRANDE RUE CHARLES D;;;;920
200500083520;5;12;2;1545;1;2;1;2;3;44.0;151, JEAN JAURES(RUE)101;;;;920
200500083547;5;12;29;1420;1;2;1;1;7;50.0;3, GOULVENTS RUE DES;;;;920
200500083551;5;12;10;1315;1;2;1;1;1;51.0;21, ARGENSON (BOULEVARD,;;;;920
200500083578;5;12;17;2040;5;2;1;1;6;63.0;168, DOUMER (AVENUE PAUL;;;;920
200500083579;5;12;18;910;1;2;2;1;3;63.0;Néant, CHATOU (PONT DE);;;;920
200500083592;5;12;3;1645;2;2;1;8;3;46.0;1, RUE JEAN LURCAT;;;;920
200500083600;5;12;11;1325;1;2;1;1;2;62.0;3, JEAN MOULIN (AVENUE);;;;920
200500083613;5;12;6;1300;1;2;1;1;3;5.0;nénat, PREFET CHALEIL (C;;;;930
200500083665;5;12;9;1435;1;2;1;1;6;47.0;32, PRIMEVERES  (AVENUE;;;;930
200500083669;5;12;26;1805;4;2;1;2;3;32.0;31, CONTANT   (RUE);;;;930
200500083735;5;12;31;1125;1;2;1;1;2;14.0;00, GAGARINE (BOULEVARD);;;;930
200500083745;5;12;12;1720;5;2;1;1;6;66.0;5 BIS, PRESSENCE FRANCIS;;;;930
200500083826;5;12;16;920;1;2;1;1;6;28.0;HALAGE.(QUAI DE ET PASSE;;;;940
200500083850;5;12;17;1130;1;2;1;1;3;34.0;33, HENRI BARBUSSE (R);;;;940
200500083908;5;12;14;1315;1;2;3;1;3;81.0;Angle, CAMILLE GROULT (R;;;;940
200500083913;5;12;1;1740;5;2;3;1;3;18.0;ALLEMANE (BOULEVARD JEAN;;;;950
200500083921;5;12;4;2055;1;2;2;1;7;18.0;EPINAY (RUE D' );;;;950
200500083939;5;12;20;750;5;2;3;1;3;18.0;ALLEMANE (BOULEVARD JEAN;;;;950
200500083949;5;12;29;1040;1;2;2;1;3;18.0;CLEMENCEAU (AVENUE GEORG;;;;950
200500083970;5;12;19;1015;1;2;2;1;6;210.0;1, DE GAULLE (RUE DU GEN;;;;950
200500083973;5;12;12;1635;1;2;1;1;1;252.0;JEAN LURCAT (RUE);;;;950
200500083978;5;12;14;1830;5;2;1;2;3;268.0;20, DE GAULLE (AVENUE DU;;;;950
200500083998;5;12;23;840;1;2;1;2;3;563.0;JEAN ROSTAND (AVENUE);;;;950
200500084270;5;12;2;2210;5;2;2;1;3;382.0;VAUBECOUR;;;;690
200500084423;5;12;29;1800;5;2;2;1;3;388.0;00, JEAN XXIII;;;;690
200500084569;5;1;13;2000;5;1;1;1;1;311.0;;G;0.0;0.0;973
200500084576;5;1;20;1830;1;2;1;1;3;410.0;;R;0.0;0.0;974
200500084638;5;1;26;1525;1;2;3;1;3;101.0;00, PETIT PEROU;;;;971
200500084641;5;1;26;1530;1;2;1;1;3;101.0;00, DOTHEMARE;;;;971
200500084676;5;1;9;1840;2;2;1;1;3;302.0;TIGRE (ROUTE DU);;;;973
200500084690;5;1;8;2035;5;2;1;1;3;302.0;MARINGOUINS (ROND-POINT);;;;973
200500084693;5;1;13;2130;5;2;1;1;3;302.0;ROCADE FELIX EBOUE;;;;973
200500084697;5;1;23;2320;5;2;1;2;3;302.0;MIRZA (ROND-POINT);;;;973
200500084700;5;1;20;1120;1;2;1;1;3;302.0;12, BOUDINOT (AUGUSTE) C;;;;973
200500084707;5;1;17;1450;1;2;1;1;3;302.0;MADELEINE (ROUTE DE LA);;;;973
200500084717;5;1;6;1830;2;2;3;1;1;407.0;50, MONDON (AVENUE);;;;974
200500084726;5;1;18;1200;1;2;3;1;3;411.0;1, BOIS DE NEFLES (RUE D;;;;974
200500084731;5;1;4;1005;1;2;3;1;3;416.0;1, TOUS SECTEURS (SAINT-;;;;974
200500084737;5;1;16;915;1;2;1;1;7;416.0;1, TOUS SECTEURS (SAINT-;;;;974
200500084742;5;1;20;945;1;2;3;1;3;416.0;sans, TOUS SECTEURS (SAI;;;;974
200500084751;5;1;27;945;1;2;3;1;3;416.0;SANS, HUBERT DE LISLE(BO;;;;974
200500084755;5;2;5;1500;1;1;2;1;1;213.0;;;;;972
200500084773;5;2;26;1500;1;1;1;1;1;115.0;;A;0.0;0.0;971
200500084780;5;2;19;1245;1;2;1;1;1;119.0;rue Félix Eboué;A;0.0;0.0;971
200500084789;5;2;22;1400;1;2;3;1;3;311.0;Rue du port;G;0.0;0.0;973
200500084863;5;2;5;2030;2;2;1;1;6;209.0;CORIDON (AVENUE DE);;;;972
200500084889;5;2;26;2000;5;2;1;1;3;209.0;VICTOR LAMON (AVENUE);;;;972
200500084896;5;2;9;10;5;2;1;1;3;302.0;JUBELIN (BOULEVARD);;;;973
200500084898;5;2;4;1827;2;2;1;1;3;302.0;ROCADE FELIX EBOUE;;;;973
200500084912;5;2;15;950;1;2;1;1;1;302.0;Route de Raban;;;;973
200500084918;5;2;17;1251;1;2;1;1;1;302.0;FLAMBOYANTS (RUE DES);;;;973
200500084919;5;2;24;1450;1;2;1;1;2;302.0;ROUTE NATIONALE I;;;;973
200500084920;5;2;23;2045;5;2;3;2;3;302.0;EAU-LISETTE (CITE);;;;973
200500084929;5;2;8;1530;1;2;1;1;3;411.0;16, LORY LES HAUTS (RUE);;;;974
200500084953;5;2;14;1605;1;2;1;1;3;416.0;SANS, ARCHAMBAUD;;;;974
200500084995;5;3;9;1745;1;1;1;1;3;118.0;;A;0.0;0.0;971
200500085000;5;3;7;1930;5;2;1;1;1;117.0;ROUTE NATIONALE 5;A;0.0;0.0;971
200500085010;5;3;6;1400;1;2;2;1;3;312.0;rue Constantin Verdérosa;G;0.0;0.0;973
200500085026;5;3;26;1830;2;2;1;9;1;414.0;CHEMIN FLEURS DE CANNE;R;0.0;0.0;974
200500085126;5;3;1;1235;1;2;1;1;1;302.0;TIGRE (ROUTE DU);;;;973
200500085132;5;3;2;1927;5;2;1;2;2;302.0;RD POINT CRIQUE FOUILLEE;;;;973
200500085158;5;3;1;1922;5;2;1;1;1;411.0;207, MACE (ROUTE GABRIEL;;;;974
200500085195;5;4;24;745;1;1;1;1;5;221.0;;A;0.0;0.0;972
200500085196;5;4;9;1815;3;2;1;1;7;228.0;quartier cadran;A;0.0;0.0;972
200500085201;5;4;2;930;1;1;1;1;1;201.0;;A;0.0;0.0;972
200500085203;5;4;3;845;1;2;1;1;3;134.0;vallée de Beaugendre;A;0.0;0.0;971
200500085208;5;4;2;915;1;1;1;1;1;127.0;;A;0.0;0.0;971
200500085222;5;4;5;1630;1;1;1;1;3;307.0;;G;0.0;0.0;973
200500085235;5;4;27;2015;3;1;3;1;3;415.0;;R;0.0;0.0;974
200500085258;5;4;15;1500;1;1;1;1;1;103.0;;A;0.0;0.0;971
200500085286;5;4;19;610;1;2;3;1;3;101.0;RN5-BOISRIPEAUX;;;;971
200500085290;5;4;10;1035;1;2;1;1;5;101.0;CD102, DUGAZON DE BOURGO;;;;971
200500085295;5;4;13;846;1;2;1;1;3;407.0;01, 19 MARS 1946(AVENUE;;;;974
200500085301;5;4;24;1100;1;2;3;1;2;407.0;PASTEUR(AVENUE);;;;974
200500085303;5;4;28;940;1;2;6;1;2;407.0;ROND POINT DE LA GLACIER;;;;974
200500085308;5;4;20;1415;1;2;3;1;3;411.0;23, BOIS DE NEFLES (RUE;;;;974
200500085315;5;4;7;1445;1;2;1;1;6;411.0;102, MOUFIA (ROUTE DE);;;;974
200500085324;5;4;28;1101;1;1;1;1;1;411.0;MONTAGNE (ROUTE DE LA);;;;974
200500085328;5;4;3;1445;1;2;1;1;1;414.0;SANS, RESISTANCE(AVENUE;;;;974
200500085332;5;4;17;1520;1;2;1;1;1;416.0;SANS, HUBERT DE LISLE(BO;;;;974
200500085369;5;5;6;1615;1;2;3;1;3;112.0;;A;0.0;0.0;971
200500085391;5;5;11;1730;1;2;1;1;5;409.0;AVENUE DES MASCAREIGNES;R;0.0;0.0;974
200500085404;5;5;14;1245;1;2;1;1;1;424.0;rue de la mare à joncs;R;0.0;0.0;974
200500085405;5;5;25;900;1;2;1;1;2;424.0;N° 45 CHEMIN DES TROIS M;R;0.0;0.0;974
200500085456;5;5;27;1700;1;2;1;1;1;415.0;rue Raphaël Barquissau;R;0.0;0.0;974
200500085457;5;5;29;1900;3;1;1;1;7;415.0;n blanche à LE GUILLAUME;R;0.0;0.0;974
200500085487;5;4;20;1425;1;2;1;1;3;302.0;RD POINT MARINGOUINS;;;;973
200500085570;5;5;12;1900;4;2;1;1;3;120.0;00, RUE EUVREMONT GENE;;;;971
200500085586;5;5;27;740;1;1;1;3;2;101.0;RN5, CADUC;;;;971
200500085593;5;5;9;1440;1;2;1;1;2;302.0;12, BOUDINOT (AUGUSTE) C;;;;973
200500085594;5;5;12;555;2;2;1;1;3;302.0;FACE 451, BADUEL (ROUTE;;;;973
200500085597;5;5;17;1143;1;2;1;2;3;302.0;ROCADE FELIX EBOUE;;;;973
200500085603;5;5;14;1128;1;1;1;1;2;302.0;ROUTE NATIONALE I;;;;973
200500085617;5;5;26;2006;5;2;1;1;3;302.0;MADELEINE (ROUTE DE LA);;;;973
200500085622;5;5;17;1535;1;2;1;1;6;407.0;02, RUE DE LA BRECHE;;;;974
200500085634;5;5;11;1504;1;2;1;1;1;411.0;75, CHRYSANTHEMES (DES);;;;974
200500085646;5;5;14;1250;1;2;1;1;3;411.0;GRANITS (ALLEE DES);;;;974
200500085648;5;5;18;1700;1;2;1;1;3;411.0;GUADELOUPE (DE LA);;;;974
200500085659;5;5;27;810;1;2;1;1;3;416.0;100, DONAT(RUE LUC);;;;974
200500085680;5;6;3;1915;4;2;1;1;1;114.0;cité latanier;A;0.0;0.0;971
200500085773;5;6;30;1715;1;2;1;1;1;304.0;;G;0.0;0.0;973
200500085776;5;6;14;1100;1;1;9;1;1;416.0;;R;0.0;0.0;974
200500085784;5;6;20;1245;1;2;1;1;1;107.0;RN 1, DUMANOIR ( ALLEE );;;;971
200500085805;5;6;7;1138;1;2;2;1;3;407.0;VERDUN (BOULEVARD);;;;974
200500085808;5;6;16;1355;1;2;3;1;3;407.0;LACAZE (RUE);;;;974
200500085826;5;6;16;1615;1;2;1;1;3;411.0;10, CHATEAU MORANGE (DU);;;;974
200500085840;5;6;5;1550;1;2;1;1;3;416.0;SANS, RN2/PDT F.MITTERAN;;;;974
200500085960;5;7;28;1545;1;1;1;1;1;214.0;rtier Vallon - PK  1+700;A;0.0;0.0;972
200500085968;5;7;21;1445;1;2;3;1;3;107.0;FOUR A CHAUX STE MARIE;A;0.0;0.0;971
200500085970;5;7;30;700;1;1;1;1;2;107.0;;A;0.0;0.0;971
200500085990;5;7;7;2130;5;2;1;3;2;311.0;05 av Christophe COLOMB;G;0.0;0.0;973
200500085995;5;7;28;1830;4;2;1;1;1;408.0;Rue Mahatma gandi;R;0.0;0.0;974
200500086002;5;7;7;1630;1;1;3;1;3;415.0;;R;0.0;0.0;974
200500086069;5;7;23;1830;5;1;1;1;2;416.0;;R;0.0;0.0;974
200500086077;5;7;21;1100;1;2;1;1;6;107.0;51, EMBOUCHURE ( RUE DE;;;;971
200500086108;5;7;20;1047;1;2;1;1;1;11.0;0, OASIS (ROCADE DE L');;;;974
200500086115;5;7;24;1304;1;2;3;1;6;11.0;0, MAZAGRAN (RUE);;;;974
200500086155;5;7;30;235;3;1;1;1;7;209.0;57, BALATA (ROUTE DE);;;;972
200500086166;5;8;27;2345;5;2;1;1;1;232.0;9 bld landa;A;0.0;0.0;972
200500086172;5;8;26;745;1;2;1;1;3;230.0;Avenue du Raisinier;A;0.0;0.0;972
200500086195;5;8;10;1230;1;2;6;1;1;125.0;Rond point du Golf;A;0.0;0.0;971
200500086266;5;8;30;1230;1;2;1;1;3;304.0;rue du Lycée;G;0.0;0.0;973
200500086286;5;8;12;1345;1;1;1;1;7;209.0;ROUTOUTOU (RUE DU);;;;972
200500086294;5;8;29;1726;1;2;1;1;3;209.0;GENERAL DE GAULLE (BLD D;;;;972
200500086300;5;8;15;1410;1;2;1;1;3;407.0;08 MARS(RUE DU);;;;974
200500086306;5;8;2;1330;1;2;1;1;6;411.0;JAURES (BOULEVARD JEAN);;;;974
200500086319;5;8;22;1820;2;2;1;1;1;411.0;185, MACE (ROUTE GABRIEL;;;;974
200500086320;5;8;30;1555;1;2;1;1;2;411.0;JAURES (BLD 1 JEAN);;;;974
200500086331;5;8;18;1600;1;2;3;1;3;416.0;SANS, HUBERT DE LISLE(BO;;;;974
200500086358;5;9;18;730;1;1;1;1;2;114.0;;A;0.0;0.0;971
200500086366;5;9;4;645;1;1;1;7;2;125.0;;A;0.0;0.0;971
200500086436;5;9;28;1530;1;2;1;1;3;304.0;56 AVENUE BOUDINOT;G;0.0;0.0;973
200500086625;5;9;2;1805;3;1;1;1;1;113.0;SECTION MICHAULT;;;;971
200500086635;5;9;17;1120;1;2;1;1;6;120.0;DUBOUCHAGE;;;;971
200500086672;5;9;19;1110;1;2;6;1;3;407.0;ROND POINT VILBROQUIN;;;;974
200500086680;5;9;3;1910;5;2;1;2;3;411.0;HUBERT DELISLE (AVENUE);;;;974
200500086687;5;9;12;1710;1;2;2;1;3;411.0;LATTRE DE TASSIGNY (AVEN;;;;974
200500086691;5;9;19;2001;5;2;1;1;3;411.0;32, MONNERVILLE (BOULEVA;;;;974
200500086692;5;9;20;1852;5;2;1;1;3;411.0;01, BRASSENS (AVENUE GEO;;;;974
200500086767;5;9;29;730;1;2;2;1;3;107.0;GAMBETTA ( RUE );;;;971
200500086775;5;6;9;1838;2;2;2;7;5;302.0;BADUEL (ROUTE DE);;;;973
200500086785;5;6;20;1159;1;2;1;9;2;302.0;BADUEL (ROUTE DE);;;;973
200500086788;5;6;24;1221;1;2;6;1;2;302.0;KET TAI (CARREFOUR);;;;973
200500086789;5;6;26;725;1;2;6;1;2;302.0;MARINGOUINS (ROND-POINT);;;;973
200500086795;5;6;24;840;1;2;1;1;3;302.0;MOLE;;;;973
200500086813;5;10;4;1210;1;1;1;1;2;209.0;ENTAIDE (ROUTE DE L');;;;972
200500086845;5;10;6;1120;1;2;1;1;7;407.0;CROIZAT(RUE);;;;974
200500086855;5;10;29;1015;1;2;1;1;2;407.0;RUE BORIS VIAN;;;;974
200500086860;5;10;7;1500;1;2;1;1;3;411.0;RAMBAUD (LEOPOLD);;;;974
200500086932;5;10;28;1050;1;2;1;1;7;212.0;ROUTE DE PETITE LEZARDE;A;0.0;0.0;972
200500086934;5;10;3;1900;5;1;1;1;3;201.0;;A;0.0;0.0;972
200500087024;5;10;18;1215;1;2;1;1;1;304.0;rue Palicas;G;0.0;0.0;973
200500087028;5;10;20;1915;3;2;1;1;1;451.0;Face au 55 Ligne Paradis;R;0.0;0.0;974
200500087039;5;7;19;1030;1;2;6;1;1;302.0;BADUEL (ROUTE DE);;;;973
200500087059;5;8;1;1950;3;2;1;1;6;302.0;MIRZA (CITE);;;;973
200500087083;5;8;17;1530;1;1;3;1;3;302.0;BADUEL (ROUTE DE);;;;973
200500087092;5;9;1;1315;1;2;1;1;3;302.0;PASTEUR (AVENUE LOUIS);;;;973
200500087099;5;9;8;1547;1;2;1;1;1;302.0;REPUBLIQUE (BD DE LA);;;;973
200500087104;5;9;13;850;1;2;3;1;2;302.0;MADELEINE (ROUTE DE LA);;;;973
200500087118;5;9;16;835;1;2;1;1;2;302.0;ROCADE FELIX EBOUE;;;;973
200500087127;5;9;20;1315;1;2;1;1;1;302.0;BONHOMME (CITE);;;;973
200500087132;5;9;28;745;1;1;3;1;2;302.0;ROCADE FELIX EBOUE;;;;973
200500087142;5;9;25;1920;4;2;1;1;6;302.0;EUGENE GOBERT;;;;973
200500087186;5;11;11;1600;1;2;1;1;3;409.0;rue de cambuston;R;0.0;0.0;974
200500087191;5;11;21;1800;1;2;1;1;2;415.0;54 rue de la Baie;R;0.0;0.0;974
200500087262;5;11;6;2125;5;2;1;1;1;7.0;CAYENNE ( RUE DE );;;;971
200500087263;5;11;24;1045;1;2;2;1;1;7.0;GAMBETTA ( RUE );;;;971
200500087288;5;11;12;1915;1;2;1;1;6;209.0;03, PARADISIERS (AVENUE;;;;972
200500087322;5;11;30;1230;1;2;2;1;7;209.0;REDOUTE (ROUTE DE LA);;;;972
200500087329;5;11;15;1800;1;2;1;1;2;407.0;4, CROIZAT(RUE);;;;974
200500087335;5;11;26;1745;1;2;1;1;1;407.0;30, RUE BELLA KUN;;;;974
200500087336;5;11;3;1610;1;1;9;1;2;409.0;RTE DE DEVIATION STA4;;;;974
200500087421;5;12;18;815;1;1;1;1;1;221.0;;A;0.0;0.0;972
200500087434;5;12;15;745;1;2;1;1;1;127.0;route de Sandy ground;A;0.0;0.0;971
200500087448;5;12;31;2345;5;2;1;1;1;119.0;Rue Félix Eboué;A;0.0;0.0;971
200500087465;5;12;12;1845;1;2;1;1;1;420.0;rue Chéguévara Bagatelle;R;0.0;0.0;974
200500087467;5;12;15;1815;2;1;1;1;1;410.0;;R;0.0;0.0;974
200500087480;5;12;8;750;1;2;1;1;1;449.0;24 ème Kilomètre;R;0.0;0.0;974
200500087532;5;12;11;1545;1;1;1;1;3;415.0;;R;0.0;0.0;974
200500087556;5;4;7;1645;1;2;1;1;1;209.0;SOLEIL LEVANT (BOULEVARD;;;;972
200500087626;5;5;29;840;1;2;1;1;1;209.0;FRANCOIS MITTERAND (PLAC;;;;972
200500087638;5;6;12;1025;1;2;1;1;6;209.0;ARAWAKS (AVENUE DES);;;;972
200500087643;5;6;19;615;1;1;1;1;6;209.0;79, REDOUTE (ROUTE DE LA;;;;972
200500087670;5;9;7;1730;1;2;3;1;3;213.0;;;;;972
200500087719;5;10;15;900;1;2;3;1;6;302.0;ROCADE FELIX EBOUE;;;;973
200500087720;5;10;8;909;1;2;1;1;2;302.0;BADUEL (ROUTE DE);;;;973
200500087722;5;10;1;750;1;2;3;9;6;302.0;MONTABO (ROUTE DE) 1;;;;973
200500087723;5;10;4;1835;5;2;3;1;3;302.0;MONTABO (ROUTE DE) 1;;;;973
200500087727;5;10;12;2020;5;2;1;1;6;302.0;BONHOMME (CITE);;;;973
200500087732;5;10;21;1328;1;1;1;1;6;302.0;Route de Raban;;;;973
200500087740;5;10;14;1643;1;2;1;1;4;302.0;JUBELIN (BOULEVARD);;;;973
200500087749;5;11;6;2010;5;2;3;1;3;302.0;BADUEL (ROUTE DE);;;;973
200500087750;5;11;12;1815;5;2;1;1;6;302.0;REPUBLIQUE (BD DE LA);;;;973
200500087752;5;11;9;702;1;2;3;1;2;302.0;MONTABO (ROUTE DE) 1;;;;973
200500087755;5;10;25;1640;1;2;1;1;6;302.0;BADUEL (ROUTE DE);;;;973
200500087761;5;11;4;1915;5;2;1;1;6;302.0;JUILLET (RUE DU 14);;;;973
200500087766;5;11;17;1216;1;2;1;1;1;302.0;ROCADE DE ZEPHIR;;;;973
200500087777;5;11;23;1520;1;2;1;1;1;302.0;REPUBLIQUE (BD DE LA);;;;973
200500087780;5;11;18;730;1;2;1;1;3;302.0;BONHOMME (CITE);;;;973
200500087836;5;12;28;1505;1;2;1;1;7;209.0;03, DOROTHY (ROUTE DE);;;;972
200500087863;5;12;9;1650;2;2;1;1;6;224.0;82, .;;;;972
200500087878;5;12;26;1055;1;2;3;1;2;302.0;CABASSOU (ROUTE DE);;;;973
200500087885;5;12;22;2011;5;2;2;1;3;302.0;14 ET 22 JUIN 1962;;;;973
200500087892;5;12;25;1645;1;2;3;1;3;302.0;ARAGO (FRANCOIS);;;;973
200500087915;5;12;16;1855;2;2;3;1;5;407.0;CABRAL(RUE);;;;974
200500087937;5;12;22;1700;1;2;1;1;6;411.0;207, LECLERC (DU MARECHA;;;;974